Year,"Country of Asylum","Country of Origin","Country of Asylum ISO","Country of Origin ISO","Population Type",Footnote
2022," "," ",,,OIP,"Other people in need of international protection refers to people who are outside their country or territory of origin, typically because they have been forcibly displaced across international borders, who have not been reported under other categories (asylum-seekers, refugees, people in refugee-like situations) but who likely need international protection, including protection against forced return, as well as access to basic services on a temporary or longer-term basis."
2022,Thailand," ",THA,,STA,"The total statelessness figure includes 573,898 stateless persons reported by the Royal Thai Government and registered with the national civil registration system by the end of 2022. The figure includes 321 stateless persons of Rohingya ethnicity from Myanmar who are also counted as others of concern to UNHCR."
2022,Kenya," ",KEN,,STA,"The figure is based on an estimate of 18,500 in 2019 by UNHCR with input from stateless communities, taking account of the registration by the Government of Kenya in 2020 of 1,670 stateless persons of Shona descent. These individuals were granted Kenyan citizenship in 2021."
2022," ",Ukraine,,UKR,REF,"Refugees includes people in refugee-like situations"
2022,Pakistan," ",PAK,,REF,"The 1.7 million refugees includes around 1,316,800 registered refugees, around 140,900 unregistered members of registered families who were being verified at the time of reporting and were recorded through the documentation renewal and information verification exercise (DRIVE) and around 286,100 Afghans who arrived in the country on or after 1 January 2021."
2022,Ukraine," ",UKR,,STA,"The numbers reported in Ukraine are an extrapolation of the 2001 census figure of persons who self-declared as not having a nationality. It includes 6,176 persons who are registered as stateless by the Ministry of the Interior of Ukraine."
2022,Ukraine," ",UKR,,"REF,ASY,IDP,STA,OOC,HST,OIP","UNHCR continues to report on the 2,534 refugees and 36,241 stateless people until their status and whereabouts can be ascertained. For asylum-seekers, end of year figures account also for those who confirmed their spontaneous departure to UNHCR from February 2022. The others of concern figure at end-2022 corresponds to the number of conflict-affected, non-displaced people assisted by UNHCR during the year."
2022,Mexico," ",MEX,,IDP,"The IDP figure can be found at CONAPO (2021) ""Diagnóstico nacional sobre la situación del desplazamiento forzado interno en México"" (https://www.gob.mx/cms/uploads/attachment/file/681782/Diagn_stico_nacional_sobre_la_situaci_n_del_desplazamiento_forzado_interno.pdf), where it is mentioned that 262,411 IDPs were displaced due to insecurity causes (pg18) and 24,376 IDPs due to disasters (pg 49). These calculations are based on 2020 Population and Housing Census carried out by INEGI."
2022,Montenegro," ",MNE,,STA,"In November 2017, jointly with the MoI and the MLSW, UNHCR carried out a field verification of all ex-Yugoslav refugees with unresolved status issues, including those at potential risk of statelessness. The field exercise covered 2,318 individuals (including 42% children) in 20 out of 23 municipalities. Based on the verification results, UNHCR reported on at least 145 persons at risk of statelessness and 460 in a statelessness like situation.  During 2022 their number decreased for 46 persons, however new 47 persons at risk of statelessness were identified through a formal statelessness determination procedure introduced in 2018, leading to the total number of 494 persons at risk of statelessness at the end of 2022. By the end of 2022, 9 more persons were recognized as stateless by the Ministry of Interior of Montenegro. Some 46 persons acquired nationality during the year."
2022,Philippines," ",PHL,,STA,"The updated figure is based on improved information concerning persons of Indonesian descent who have acquired nationality. The total statelessness figure reported also includes 11 stateless persons of Rohingya ethnicity who are also counted as refugee or asylum-seeker from Myanmar, mainly from Rakhine State."
2022,Canada," ",CAN,,REF,"A population census in 2021, resulted in a revision of the number of persons under international protection living in Canada, which was previously estimated by UNHCR. Year-end stock refers to protected persons who are yet to acquire permanent resident status."
2022,Japan," ",JPN,,REF,"In 2022, people provided international protection on the basis of the humanitarian situation in their country of origin were reported as in a refugee-like situation."
2022,"South Africa"," ",ZAF,,"REF,ASY,IDP,STA,OOC,HST,OIP","In South Africa, all refugees and asylum-seekers with valid permits were considered to be active during the COVID-19 pandemic era as long as their permit’s expiry dates were after the breakout of the pandemic. With the resumption of normal services in 2022, many permits have been inactivated and are therefore considered to be administrative closures.  In total, some 72,200 individuals either did not extend their permits or the extended permits became inactive by the end of the year. Individuals whose permits have been inactivated can reapply although asylum-seekers and refugees have reported challenges in accessing the online renewal system."
2022,"Dominican Rep."," ",DOM,,STA,"UNHCR is currently working with the authorities and other actors to determine the size of the population affected by ruling 168-13 that found an effective nationality solution. Since the adoption of Law 169-14 in May 2014, important steps have been taken by the Dominican Republic to confirm Dominican nationality through the validation of birth certificates of individuals born in the country to two migrant parents before 2007. According to information shared by the Dominican delegation during the 2019 High-Level Segment on Statelessness, approximately 48% of the total Group A population of 61,049 persons had been authorized by the National Electoral Board (JCE) to request their nationality documentation. Additionally, as of December 2020, over 1,830 Group B persons (800 of which were children) – out of the 7,159 approved individuals who had applied to the regularization plan established in Law 169-14 - had submitted applications for naturalization to the Ministry of Interior and of the Police (MIP). Up until December 2022, two naturalization decrees had been issued granting Dominican nationality to 799 applicants, all of whom are still pending to receive nationality documentation."
2022,Turkmenistan," ",TKM,,STA,"In the absence of official data, the figure reported refers to stateless persons and persons with undetermined nationality identified by UNHCR partner organizations in Turkmenistan. The increase in the reported figure is due to the identification of new people in stateless situations."
2022,Albania," ",ALB,,STA,"From various sources such as civil status offices, health institutions, schools, municipal child protection units, and social services, UNHCR estimates the number of people with undetermined nationality (at risk of statelessness). The start-year figures are based on an identification exercise conducted in 2021 which identified a further 1,120 persons at risk of statelessness, subtracting the number of undocumented persons who had their nationality confirmed by the Albanian authorities in 2021. During 2022, an additional 350 people were assisted to confirm their nationalities through administrative and/or judicial procedures, out of which 238 were fully resolved."
2022,Indonesia," ",IDN,,STA,"The total statelessness figure reported relates to 925 stateless persons, primarily of Rohingya ethnicity who are also counted as refugees or asylum-seekers from Myanmar, mainly from Rakhine State. There are indications that a potentially sizable population of non-displaced stateless persons exists for whom no data is available."
2022,"Russian Federation"," ",RUS,,STA,"By the end of 2021, UNHCR reported 54,025 stateless persons in the Russian Federation. This estimation was based on the number of self-proclaimed stateless persons identified during the 2010 census (178,000), from whom the number of persons who obtained Russian citizenship throughout the reporting periods was subtracted on a yearly basis since 2011. According to the results of the 2020 All-Russia Census finalized at end 2022, some 95,193 persons declared themselves stateless and this figure was taken as a baseline for statistics on statelessness for 2022, causing an increase of 41,139 in estimated statelessness population figures for Russia compared to end-2021 (but still a decrease compared to latest Census)."
2022,Iraq," ",IRQ,,STA,"Pending a more accurate study into statelessness in Iraq, the estimated reduction of stateless persons in Iraq has been adjusted to reflect the reduction of statelessness in line with Law 26 of 2006, which allows stateless persons to apply for nationality in certain circumstances."
2022,"Papua New Guinea"," ",PNG,,STA,"The figures reported reflects stateless persons of Rohingya ethnicity who are also counted as refugees from Myanmar, mainly from Rakhine State. The figure reflected does not represent an estimation of the entire stateless population."
2022,"Saudi Arabia"," ",SAU,,STA,"UNHCR is verifying the number of stateless persons with the Government of Saudi Arabia."
2022,Portugal," ",PRT,,STA,"Updated figure from the Portuguese Immigration Service referring to 2013."
2022,Rwanda," ",RWA,,ASY,"Statistics on asylum applications and decisions processed by the government of Rwanda are reported by UNHCR based on information shared by Government of Rwanda. The comprehensive data is however only available with the government of Rwanda. 
Please also note, that small figures have been redacted for data protection reasons. Among asylum applications decided upon by the government of Rwanda, the total number of recognised asylum-seekers in 2022 was 41, while 103 applications were rejected and 27 cased were otherwise closed. 
Statistics on applications and decisions processed by UNHCR, reflect case processing for the purpose of durable solutions as part of the Emergency Transit Mechanism (ETM)."
2022,"Russian Federation"," ",RUS,,REF,"The figure for the Russian Federation includes 65,400 Ukrainians who were granted refugee or temporary asylum status, as well as those recorded in the country in 2022 under other forms of stay."
2022," "," ",,,IDP,"When presenting statistics on internal displacement, UNHCR applies two different sources: the Internal Displacement Monitoring Centre’s IDP statistics are incorporated in the total forcibly displaced while those IDPs protected/assisted by UNHCR are included in the total population that UNHCR protects and/or assists.  The two sources of IDP data vary significantly in certain countries."
2022,"United States of America"," ",USA,,REF,"An improved methodology to estimate the number of refugees hosted in the United States of America, using official statistics from US Citizenship and Immigration Services, led to a decrease of the refugee stock within the country."
2022,"United Kingdom of Great Britain and Northern Ireland"," ",GBR,,ASY,"Asylum applications which are reported as cases can be multiplied overall by average number of person per case of 1.3 when summarising the data by country of asylum, but not origin.  This is due to the significant variance in the average case size by country of origin."
2022,Algeria," ",DZA,,REF,"According to the Government of Algeria, there are an estimated 165,000 Sahrawi refugees in the Tindouf camps. Statistical data relating to refugees are entirely for humanitarian purposes. The total number of persons in need of humanitarian assistance services is estimated to be far higher than this figure."
2022,"North Macedonia"," ",MKD,,STA,"The great majority are former Yugoslav citizens who have yet to have their nationality of North Macedonia formally recognized through the issuance of documents proving nationality."
2022,Nauru," ",NRU,,STA,"The figures reported reflects stateless persons of Rohingya ethnicity who are also counted as refugees and asylum-seekers from Myanmar, mainly from Rakhine State. The figure reflected does not represent an estimation of the entire stateless population."
2022,Azerbaijan," ",AZE,,STA,"Figure from the 2009 census."
2022,Rwanda," ",RWA,,STA,"This figure presents an estimate of persons with undetermined nationality/at risk of statelessness, based on a survey conducted by the Directorate General of Immigration and Emigration (DGIE) in 2010, which found approximately 9500 persons to be at risk of statelessness. Efforts are underway to conduct a survey that will provide an updated and reliable statistics in 2022."
2022,"Iran (Islamic Rep. of)"," ",IRN,,REF,"In the Islamic Republic of Iran, some 2.6 million Afghans have been reported as people in a refugee-like situation. In 2022, the Government of the Islamic Republic of Iran conducted a recount of the previously ""head counted"" population and extended the scope of this scheme to all undocumented Afghans residing in the country, including those who had newly arrived due to the Taliban takeover in 2021 in Afghanistan. It is reported that 2.6 million Afghans enrolled in this exercise, which provides them with a headcount slip and temporary protection from deportation."
2022,"Bosnia and Herzegovina"," ",BIH,,REF,"By mid-2022, there were 234 Ukrainian nationals, 73 of whom were protected, a further 73 under temporary residence on humanitarian grounds and 161 with non-visa stay."
2022,Uzbekistan," ",UZB,,STA,"The 2022 statelessness figure refers to stateless persons with permanent residence in Uzbekistan officially reported by the Government of Uzbekistan to UNHCR as of 31 December 2022. Information on other categories of statelessness is unavailable."
2022,"South Sudan"," ",SSD,,STA,"The reported figure is a preliminary estimate of persons of undetermined nationality by UNHCR. The estimate is based on the UNHCR 2018 statelessness study which documents specific profiles of groups at risk of statelessness in South Sudan."
2022,"Saudi Arabia"," ",SAU,,ASY,"Only those asylum-seekers facing acute or imminent protection risks are registered by UNHCR. There are some 13,400 other asylum-seekers who were individually assessed, counselled and advised to inform UNHCR of any changes in their situation, which would justify a decision to register them."
2022,"Cote d'Ivoire"," ",CIV,,STA,"The statelessness figure is based on a 2019 mapping study jointly conducted by the Government and UNHCR. On 30 June 2022, the cessation clause for Ivorian refugees recommended by UNHCR came into effect."
2022,Spain," ",ESP,,REF,"The overall figures for Spain include refugee status (6%), subsidiary protection (9%), temporary protection (50%) and humanitarian reasons (35%). Source: Spanish Ministry of Inclusion, Social Security and Migration."
2022,"Bosnia and Herzegovina"," ",BIH,,STA,"During the year, 48 people had their nationality confirmed."
2022,Canada,Ukraine,CAN,UKR,REF,"Refers to people in refugee-like situations."
2022," ",Ukraine,,UKR,OOC,"The others of concern figure at end-2022 corresponds to the number of conflict-affected, non-displaced people assisted by UNHCR during the year."
2022,"United States of America"," ",USA,,STA,"The United States of America has not adopted a formal status determination procedure to identify stateless persons, and there is no official government data-tracking of the stateless population in the USA. As such, while the USA has a stateless population, the actual number is unknown."
2022,Estonia," ",EST,,STA,"Almost all people recorded as being stateless have permanent residence and enjoy more rights than foreseen in the 1954 Convention relating to the Status of Stateless Persons."
2022,Uganda," ",UGA,,STA,"This figure presents an estimate of persons with undetermined nationality/at risk of statelessness, based on joint outreach mission conducted by the Government of Uganda and UNHCR in September/October 2021, that aimed to provide estimate numbers through self-identification of communities not recognized under the Third Schedule of the 1995 Constitution."
2022,"Syrian Arab Rep."," ",SYR,,STA,"According to some reports many stateless persons have been naturalized since 2011, but no official figures are yet confirmed."
2022,Colombia," ",COL,,IDP,"The National Victims Registry of Colombia contains the historical accumulated figure of the number of victims of displacement which continues to increase, given that victims continue to be registered in the country. Thus, the total number of persons recognized as victims of displacement (more than 8.4 million), includes the number of IDPs who are subject to attention and/or reparation, i.e. those who meet the requirements to access the measures of attention and reparation established in Colombian Law 1448 (6.8 million). The number of victims of displacement who are deceased, direct victims of forced disappearance and homicide, and other victims who, for various reasons, cannot effectively access these measures, are identified as not being subject to attention or reparation and therefore not included in the figure of 6.8 million. The figure is constantly updated, considering that by legal definition, victims have up to two years to make their declaration and be included in the registry system. See the summary: https://www.unidadvictimas.gov.co/es/registro-unico-de-victimas-ruv/37394."
2022,Bulgaria," ",BGR,,REF,"No official data on the actual number of refugees residing in Bulgaria is available. According to estimates, between 1,000 and 2,000 refugees and humanitarian status holders remain in the country. It is expected that the 2021 National Census, which will include for the first-time refugee and stateless populations, will provide more accurate data by end of 2022."
2022,Latvia," ",LVA,,STA,"With respect to persons under UNHCR’s statelessness mandate, this figure includes persons of concern covered by two separate Latvian laws. 160 persons fall under the Republic of Latvia’s Law on Stateless Persons on 17 February 2004. 187,404 of the persons fall under Latvia’s 25 April 1995 Law on the Status of those Former USSR Citizens who are not Citizens of Latvia or Any Other State (“Non-citizens”). In the specific context of Latvia, the “Non-citizens” enjoy the right to reside in Latvia ex lege and a set of rights and obligations generally beyond the rights prescribed by the 1954 Convention relating to the Status of Stateless Persons, including protection from removal, and as such the “Non-citizens” may currently be considered persons to whom the Convention does not apply in accordance with Article 1.2(ii)."
2022," "," ",,,"REF,ASY,IDP,STA,OOC,HST,OIP","The data are generally provided by governments, based on their own definitions and methods of data collection."
2022,"Rep. of Moldova"," ",MDA,,STA,"The figure includes persons determined to be stateless following the statelessness determination procedure and persons with undetermined nationality who hold expired Soviet passports."
2022,Monaco," ",MCO,,"REF,ASY,IDP,STA,OOC,HST,OIP","Data is as of end-2019."
2022,Myanmar," ",MMR,,STA,"The estimated figure of persons of concern under the statelessness mandate relates to stateless persons of Rohingya ethnicity in Rakhine State, including stateless Rohingya IDPs in Myanmar. The number of persons of undetermined nationality residing in other states or regions in Myanmar is not currently available. The number of stateless persons remaining in Rakhine State following violence in 2016 and 2017 and large scale departures to Bangladesh is based on detailed estimates for each village tract made by UNHCR, other UN agencies and NGOs in early 2018, which concluded that between 532,000 to 600,000 Rohingya remained in Rakhine State, increasing to 630,000 due to additional displacement in 2022 (including an estimated 156,600 of those Rohingya who have been internally displaced)."
2022,Australia," ",AUS,,REF,"The methodology for estimating the number of refugees in Australia is under review and subject to adjustment in future reports."
2022,"Netherlands (Kingdom of the)"," ",NLD,,REF,"The number of refugees will be re-estimated based on the data received from from the government as of start 2022."
2022,Chile," ",CHL,,OIP,"The number of other people in need of international protection is estimated from the Regional Refugee and Migrant Response Plan."
2022," "," ",,,HST,"Host community refers to a community that hosts large populations of refugees or internally displaced persons, whether in camps, integrated into households, or independently. UNHCR reports on host communities in countries with substantive programmes focusing on sharing the burden of hosting large refugee populations, as set out in the Global Compact on Refugees."
2022,"Dem. Rep. of the Congo"," ",COD,,ASY,"The 2014 ministerial declaration that offered Prima Facie refugee status to persons fleeing generalised violence from Central African Republic from January 2013 onwards is no longer applicable. As such, all refugees are assessed on an individual basis by the National Commission for Refugees."
2022,Australia," ",AUS,,STA,"Stateless figures in Australia are sourced from the Government. They consist of figures on stateless persons held in detention and those that have been issued or are in an application process for an “Onshore Humanitarian Visa” and have self-reported to be stateless. Australia does not have a separate statelessness status determination procedure and only provides statistics on humanitarian visas. Due to this, the figure reported here does not capture all stateless persons in Australia and is not an estimate of statelessness in Australia. Figures for stateless persons in detention come from the Australian Government Department of Home Affairs and Australian Border Force report on Immigration Detention and Community Statistics Summary 31 January 2022."
2022,Argentina," ",ARG,,STA,"The figure is reported by the Government."
2022,"Costa Rica"," ",CRI,,STA,"Figure refers to a population of undetermined nationality."
2022,Israel," ",ISR,,STA,"This figure does not include potentially stateless Bedouin or former USSR citizens who may be stateless."
2022,"Cabo Verde"," ",CPV,,STA,"Figure from the 2010 census."
2022,Belgium," ",BEL,,STA,"Stateless persons reported by UNHCR correspond to recognized stateless persons who have been granted a residence permit in Belgium and who are therefore registered in the national register. It should be noted that recognized stateless persons who have not been granted a residence permit are not taken into account in figures provided by the Belgian Government."
2022,Greece," ",GRC,,STA,"In situ figure based on the 2011 census. Census figures were adjusted to include people registered as stateless by the Ministry of Interior from 2012 to 2021."
2022,Slovakia," ",SVK,,STA,"The figure is based on the 2021 census.  See: https://www.scitanie.sk/obyvatelia/zakladne-vysledky/struktura-obyvatelstva-podla-statnej-prislusnosti/SR/SK0/SR"
2022,Canada," ",CAN,,ASY,"The statistics on asylum-seekers (new applications, re-opened/repeat applications and/or appeal application) and refugees individually recognized in Canada include persons who had their claim assessed before the Refugee Protection Division and the Refugee Appeal Division of the Immigration Refugee Board as well as by the Department of Immigration, Refugees and Citizenship Canada through a Pre-Removal Risk Assessment."
2022,Tajikistan," ",TJK,,STA,"Figure based on a registration exercise in three regions and 842 people registered as stateless by the Ministry of Internal Affairs of Tajikistan."
2022,Slovenia," ",SVN,,STA,"The figure is an estimate based on previous NGO analysis of government data and may not represent the full magnitude of statelessness in Slovenia."
2022,China," ",CHN,,REF,"The Indo-Chinese population in China is no longer considered as refugees under UNHCR's mandate and has been removed from UNHCR's statistical reporting since June 2022, because they have full access to public services and enjoy the same rights as nationals."
2022,Nepal," ",NPL,,STA,"Various studies estimate that a significant number of individuals originally from Nepal lack citizenship certificates. While these individuals originally from Nepal are not all necessarily stateless, UNHCR has been working closely with the Government of Nepal and partners to address this situation. 452 stateless persons of Rohingya ethnicity who are also counted as refugees or asylum-seekers from Myanmar, mainly from Rakhine State, are reported in Nepal."
2022,Kyrgyzstan," ",KGZ,,STA,"68 persons were naturalized or granted citizenship in 2022. Since December 2021 the data on number of staleless persons is provided by the Government."
2022," "," ",,,"REF,ASY,IDP,STA,OOC,HST,OIP","Small values between zero and five have been rounded to multiples of five. Data on asylum applications and decisions has additionally been rounded for small values between five and 10. Demographic data has been additionally modified so that the data remains additive."
2022,India," ",IND,,STA,"The total statelessness figure reported relates to 21,591 stateless persons of Rohingya ethnicity who are also counted as refugees or asylum-seekers from Myanmar, mainly from Rakhine State. The reported figure does not represent an estimate of the entire stateless population."
2022,"United Kingdom of Great Britain and Northern Ireland"," ",GBR,,STA,"The UK’s stateless figures show the number of stateless individuals recognised through the UK's stateless determination procedure since it began in 2013. In previous years, this figure has been calculated by adding all grants of stateless leave. This resulted in unavoidable double counting for stateless individuals who were applying for further statelessness leave after the expiry of their initial grant of leave. The UK Government has now provided data for initial and subsequent grants. The subsequent grants have therefore been removed from the previous cumulative figure between 2013 - 2018. Since 2019, the cumulative figure now only includes initial grants of leave following individuals’ recognition as stateless. At the end of 2022, the total number of individuals recognised under UK’s statelessness determination procedure is 319. UNHCR further provides the number of asylum-seekers and refugees whose nationality has been recorded as ‘stateless’ as part of the asylum process. For this group there has been no formal determination that they are stateless."
2022,"Costa Rica"," ",CRI,,ASY,"In 2022, Nicaraguans and Venezuelans (only October to December) started their applications by obtaining an appointment to formalize their asylum claim. The appointment process for Nicaraguans and Venezuelans ended in December 2022."
2022,"United States of America"," ",USA,,"REF,ASY,IDP,STA,OOC,HST,OIP","The United States of America has also offered temporary status in certain circumstances to people in need of international protection. For example, in 2022, a significant number of Ukrainians and their immediate family members were given temporary protection on a humanitarian basis in the United States. UNHCR is in discussions with the U.S. government about how to best reflect such datapoints for all relevant populations in future reporting cycles."
2022,Poland," ",POL,,STA,"There is no official data on statelessness in Poland. The reported figure refers to the number of stateless persons holding a personal identification number issued by the Government, which does not cover all stateless people in the country."
2022,Czechia," ",CZE,,STA,"In situ figure based on the 2011 census."
2022,Croatia," ",HRV,,STA,"Figure from the 2022 census."
2022,Jordan," ",JOR,,REF,"The refugee population in Jordan includes 31,000 Iraqis registered with UNHCR. The Government of Jordan estimated the number of Iraqis at 400,000 individuals at the end of March 2015. This includes refugees and other categories of Iraqis."
2022,"Bolivia (Plurinational State of)"," ",BOL,,REF,"Data for the number of refugees is as of mid-2022."
2022,Malaysia," ",MYS,,STA,"The total stateless population in Malaysia includes 9,040 non-displaced stateless persons who may be entitled to Malaysian nationality under the law. This number of non-displaced stateless persons is based on a registration and community legal assistance programme undertaken in West Malaysia by a local NGO with technical support from UNHCR. The total statelessness figure reported also includes 103,380 stateless persons of Rohingya ethnicity who are also counted as refugees or asylum-seekers from Myanmar, mainly from Rakhine State."
