FID,ID,NAME,ST_ABBREV,TC_ID,Shape_Leng,OBJECTID,Total_A,Can_A,Grass_A,Soil_A,Water_A,Build_A,Road_A,Paved_A,Perv_A,Imperv_A,Can_P,Grass_P,Soil_P,Water_P,Build_P,Road_P,Paved_P,Perv_P,Imperv_P,OBJECTID_1,TC_ID_12,VALUE_0,TC_E_A,TC_Pv_A,TC_Land_A,TC_Pi_A,TC_P_A,TC_E_P,TC_Pv_P,TC_P_P,TC_Pi_P,Shape__Area,Shape__Length
1,25017342400,250173424.00,MA,1,1561.64307152,1,6927,1595,920,0,0,12,0,4400,2515,4412,23.0258409124,13.2813627833,0,0,0.173235166739,0,63.5195611376,36.3072036957,63.6927963043,1,1,112,1595,920,6927,4400,5320,23.0258409124,13.2813627833,76.8009239209,63.5195611376,7041.68823242188,1561.64307148569
2,25017350103,250173501.03,MA,2,3873.24532695,2,61575,608,5101,0,0,7248,24648,23970,5709,55866,0.987413723102,8.28420625254,0,0,11.7710109622,40.0292326431,38.928136419,9.27161997564,90.7283800244,2,2,763,608,5101,61575,23970,29071,0.987413723102,8.28420625254,47.2123426715,38.928136419,62339.3889160156,3873.24532691878
3,25017350104,250173501.04,MA,3,363.457910157,3,4885,0,0,0,0,0,4885,0,0,4885,0,0,0,0,0,100,0,0,100,3,3,2,0,0,4885,0,0,0,0,0,0,4886.5849609375,363.457910146947
4,25017351403,250173514.03,MA,4,1893.66474801,4,29691,4479,3125,0,0,6618,5995,9474,7604,22087,15.0853794079,10.5250749385,0,0,22.2895827018,20.1913037621,31.9086591897,25.6104543464,74.3895456536,4,4,29,4479,3125,29691,9474,12599,15.0853794079,10.5250749385,42.4337341282,31.9086591897,29708.6750488281,1893.66474799724
5,25017351404,250173514.04,MA,5,186.413186668,5,1487,0,0,0,0,0,1487,0,0,1487,0,0,0,0,0,100,0,0,100,5,5,14,0,0,1487,0,0,0,0,0,0,1499.3759765625,186.413186667344
6,25017351500,250173515.00,MA,6,4424.8624091,6,24167,1147,34,0,0,1561,13982,7443,1181,22986,4.74614143253,0.140687714652,0,0,6.45922125212,57.8557537137,30.798195887,4.88682914718,95.1131708528,6,6,140,1147,34,24167,7443,7477,4.74614143253,0.140687714652,30.9388836016,30.798195887,24299.9194335938,4424.86240908439
7,25017352101,250173521.01,MA,7,3641.94678092,7,35146,0,682,49,1,0,26948,7466,732,34414,0,1.94047686792,0.139418425994,0.00284527399989,0,76.6744437489,21.2428156832,2.08274056792,97.9172594321,7,7,182,0,682,35145,7515,8197,0,1.94053208138,23.323374591,21.3828425096,35344.4072265625,3641.9467809122
8,25017352102,250173521.02,MA,8,632.63131946,8,7014,409,429,0,0,5240,936,0,838,6176,5.83119475335,6.11633875107,0,0,74.7077274023,13.3447390932,0,11.9475335044,88.0524664956,8,8,220,409,429,7014,0,429,5.83119475335,6.11633875107,6.11633875107,0,7235.95922851563,632.631319441397
9,25017373100,250173731.00,MA,9,1200.02224814,9,19192,3495,6151,0,0,5181,2352,2013,9646,9546,18.210712797,32.0498124218,0,0,26.9956231763,12.2551062943,10.4887453105,50.2605252188,49.7394747812,9,9,228,3495,6151,19192,2013,8164,18.210712797,32.0498124218,42.5385577324,10.4887453105,19428.7960205078,1200.02224812206
10,25017373500,250173735.00,MA,10,5691.82172482,10,45693,22847,14086,0,0,2180,2831,3749,36933,8760,50.0010942595,30.8274790449,0,0,4.7709714836,6.19569737159,8.20475784037,80.8285733044,19.1714266956,10,10,86,22847,14086,45693,3749,17835,50.0010942595,30.8274790449,39.0322368853,8.20475784037,45778.9851074219,5691.82172481463
11,25017373600,250173736.00,MA,11,8004.81278506,11,93688,19302,1276,0,0,13,58594,14503,20578,73110,20.6024250704,1.36196738109,0,0,0.0138758432243,62.5416275297,15.4801041756,21.9643924515,78.0356075485,11,11,374,19302,1276,93688,14503,15779,20.6024250704,1.36196738109,16.8420715567,15.4801041756,94081.2886962891,8004.81278504837
12,25017373900,250173739.00,MA,12,209.383173338,12,792,0,0,0,0,0,0,792,0,792,0,0,0,0,0,0,100,0,100,12,12,18,0,0,792,792,792,0,0,100,100,807.397216796875,209.383173333049
13,25021400100,250214001.00,MA,13,7197.09948907,13,139269,30945,1786,0,3153,0,72274,31111,35884,103385,22.2195894277,1.28241029949,0,2.26396398337,0,51.8952530714,22.3387832181,25.7659637105,74.2340362895,13,13,265,30945,1786,136116,31111,32897,22.7342854624,1.31211613624,24.1683564019,22.8562402657,139507.802490234,7197.09948907444
14,25021400200,250214002.00,MA,14,4162.28037634,14,84105,6128,3322,0,0,2599,44437,27619,9450,74655,7.2861304322,3.94982462398,0,0,3.09018488794,52.835146543,32.8387135129,11.2359550562,88.7640449438,14,14,289,6128,3322,84105,27619,30941,7.2861304322,3.94982462398,36.7885381369,32.8387135129,84384.1335449219,4162.28037636986
15,25021400300,250214003.00,MA,15,4273.02346851,15,38088,5942,1126,0,0,5820,2500,22700,7068,31020,15.6007141357,2.95631169922,0,0,15.2804032766,6.56374711195,59.5988237765,18.5570258349,81.4429741651,15,15,48,5942,1126,38088,22700,23826,15.6007141357,2.95631169922,62.5551354757,59.5988237765,38143.2326660156,4273.02346849164
16,25021400400,250214004.00,MA,16,4957.2320031,16,63715,21943,7456,0,0,9744,14160,10412,29399,34316,34.4393000078,11.7021109629,0,0,15.2931020953,22.223966099,16.341520835,46.1414109707,53.8585890293,16,16,14,21943,7456,63715,10412,17868,34.4393000078,11.7021109629,28.0436317978,16.341520835,63728.771484375,4957.23200307842
17,25021400600,250214006.00,MA,17,5088.2804738,17,49983,15791,2405,0,0,9738,12720,9329,18196,31787,31.5927415321,4.81163595623,0,0,19.4826240922,25.4486525419,18.6643458776,36.4043774883,63.5956225117,17,17,16,15791,2405,49983,9329,11734,31.5927415321,4.81163595623,23.4759818338,18.6643458776,49946.3356933594,5088.28047382724
18,25021400800,250214008.00,MA,18,113.638054564,18,282,280,2,0,0,0,0,0,282,0,99.2907801418,0.709219858156,0,0,0,0,0,100,0,18,18,0,280,2,282,0,2,99.2907801418,0.709219858156,0.709219858156,0,281.37841796875,113.638054552029
19,25021400900,250214009.00,MA,19,83.3473167187,19,70,70,0,0,0,0,0,0,70,0,100,0,0,0,0,0,0,100,0,19,19,1,70,0,70,0,0,100,0,0,0,70.609619140625,83.3473167186718
20,25021401000,250214010.00,MA,20,790.56788667,20,4693,4693,0,0,0,0,0,0,4693,0,100,0,0,0,0,0,0,100,0,20,20,6,4693,0,4693,0,0,100,0,0,0,4693.76708984375,790.567886661061
21,25021401100,250214011.00,MA,21,6538.83678722,21,54527,28661,8998,0,0,2845,3372,10651,37659,16868,52.5629504649,16.5019164817,0,0,5.21759862087,6.18409228456,19.5334421479,69.0648669467,30.9351330533,21,21,1150,28661,8998,54527,10651,19649,52.5629504649,16.5019164817,36.0353586297,19.5334421479,55649.8662109375,6538.83678721622
22,25021401200,250214012.00,MA,22,6694.6109106,22,56465,29338,10293,0,0,7102,5825,3907,39631,16834,51.9578499956,18.2289914106,0,0,12.5777030019,10.3161250332,6.91933055875,70.1868414062,29.8131585938,22,22,710,29338,10293,56465,3907,14200,51.9578499956,18.2289914106,25.1483219694,6.91933055875,57163.1251220703,6694.61091057063
23,25021402101,250214021.01,MA,23,413.388469524,23,1903,68,55,0,60,0,1705,15,183,1720,3.57330530741,2.8901734104,0,3.15291644771,0,89.5953757225,0.788229111929,9.61639516553,90.3836048345,23,23,72,68,55,1843,15,70,3.68963646229,2.98426478568,3.79815518177,0.813890396093,1977.3857421875,413.388469524233
24,25021402102,250214021.02,MA,24,15444.9541699,24,206920,140425,31726,0,0,8499,5486,20784,172151,34769,67.8643920356,15.3324956505,0,0,4.10738449642,2.65126618983,10.0444616277,83.1968876861,16.8031123139,24,24,203,140425,31726,206920,20784,52510,67.8643920356,15.3324956505,25.3769572782,10.0444616277,207145.978393555,15444.9541698964
25,25021402200,250214022.00,MA,25,4114.37495243,25,49616,7928,1579,0,1073,6485,792,31759,10580,39036,15.9787165431,3.18244114802,0,2.16260883586,13.0703805224,1.5962592712,64.0095936795,21.3237665269,78.6762334731,25,25,170,7928,1579,48543,31759,33338,16.3319119131,3.25278618956,68.677255217,65.4244690275,49781.7197265625,4114.37495247503
26,25021402300,250214023.00,MA,26,1273.62608232,26,2017,519,1164,130,0,0,0,204,1813,204,25.7312840853,57.7094695092,6.44521566683,0,0,0,10.1140307387,89.8859692613,10.1140307387,26,26,247,519,1164,2017,334,1498,25.7312840853,57.7094695092,74.2687159147,16.5592464056,2265.78186035156,1273.62608232326
27,25021415300,250214153.00,MA,27,397.512102872,27,1586,448,1138,0,0,0,0,0,1586,0,28.2471626734,71.7528373266,0,0,0,0,0,100,0,27,27,75,448,1138,1586,0,1138,28.2471626734,71.7528373266,71.7528373266,0,1662.50671386719,397.512102897582
28,25021416102,250214161.02,MA,28,9532.08925717,28,92106,66110,15661,0,26,1775,7628,906,81797,10309,71.7759972206,17.0032354027,0,0.0282283456018,1.92712744012,8.28176231733,0.983649273663,88.8074609689,11.1925390311,28,28,63,66110,15661,92080,906,16567,71.7962641182,17.00803649,17.99196351,0.983927019983,92207.1030273438,9532.08925729851
29,25021416200,250214162.00,MA,29,1450.24775408,29,10965,4738,1522,0,2368,1,2246,90,8628,2337,43.2102143183,13.8805289558,0,21.5959872321,0.00911992704058,20.4833561332,0.820793433653,78.6867305062,21.3132694938,29,29,17,4738,1522,8597,90,1612,55.1122484588,17.7038501803,18.7507269978,1.04687681749,10964.072265625,1450.24775405623
30,25021416300,250214163.00,MA,30,422.699991411,30,1538,852,16,0,0,0,624,46,868,670,55.3966189857,1.04031209363,0,0,0,40.5721716515,2.99089726918,56.4369310793,43.5630689207,30,30,11,852,16,1538,46,62,55.3966189857,1.04031209363,4.03120936281,2.99089726918,1534.23828125,422.699991453974
31,25025000100,250250001.00,MA,31,28287.3348264,31,19302691,2428346,2972371,194940,0,4623567,3287063,5796404,5595657,13707034,12.5803495482,15.3987389634,1.00991100153,0,23.9529659362,17.0290401478,30.0289944029,28.9889995131,71.0110004869,31,31,70,2428346,2972371,19302691,5991344,8963715,12.5803495482,15.3987389634,46.4376443678,31.0389054044,19302776.9753418,28287.3348264044
32,25025000201,250250002.01,MA,32,13219.4779897,32,6442000,1715952,966434,8207,0,1434152,1232948,1084307,2690593,3751407,26.6369450481,15.0020800993,0.127398323502,0,22.2625271655,19.139211425,16.8318379385,41.766423471,58.233576529,32,32,40,1715952,966434,6442000,1092514,2058948,26.6369450481,15.0020800993,31.9613163614,16.959236262,6442026.98461914,13219.4779897183
33,25025000202,250250002.02,MA,33,12710.5731589,33,6477594,1627975,1173454,21957,0,1498509,855446,1300253,2823386,3654208,25.1324025556,18.115584274,0.338968450323,0,23.1337283565,13.206230585,20.0730857785,43.58695528,56.41304472,33,33,57,1627975,1173454,6477594,1322210,2495664,25.1324025556,18.115584274,38.5276385028,20.4120542288,6477637.28588867,12710.5731588799
34,25025000301,250250003.01,MA,34,12111.3652766,34,6133517,1995954,872860,45810,0,1201180,1087129,930584,2914624,3218893,32.5417537768,14.2309868873,0.74687980811,0,19.58387007,17.7243985792,15.1721108786,47.5196204722,52.4803795278,34,34,877,1995954,872860,6133517,976394,1849254,32.5417537768,14.2309868873,30.149977574,15.9189906867,6134396.81884766,12111.3652765722
35,25025000302,250250003.02,MA,35,12304.7081034,35,6823905,2457238,1115030,3065,462658,1250835,644741,890338,4037991,2785914,36.0092644901,16.3400574891,0.0449156311525,6.7799595686,18.3301936355,9.44827045511,13.0473387305,59.1741971789,40.8258028211,35,35,44,2457238,1115030,6361247,893403,2008433,38.6282438019,17.528481444,31.5729447387,14.0444632947,6824006.05224609,12304.7081034298
36,25025000401,250250004.01,MA,36,9441.80114055,36,4645716,1194765,586253,0,0,1329362,608279,927057,1781018,2864698,25.7175643109,12.6192173607,0,0,28.6147926391,13.0933315769,19.9550941125,38.3367816715,61.6632183285,36,36,33,1194765,586253,4645716,927057,1513310,25.7175643109,12.6192173607,32.5743114732,19.9550941125,4645739.11523438,9441.80114055742
37,25025000402,250250004.02,MA,37,11943.5459775,37,8668919,2861320,1947909,21704,0,1539006,856704,1442276,4830933,3837986,33.006652848,22.4700334609,0.250365703036,0,17.7531477685,9.88247784989,16.6373223697,55.7270520119,44.2729479881,37,37,51,2861320,1947909,8668919,1463980,3411889,33.006652848,22.4700334609,39.3577215337,16.8876880728,8668933.12841797,11943.5459774569
38,25025000502,250250005.02,MA,38,18610.0789545,38,12643759,2740984,1744295,63452,3685495,1625079,1177535,1606919,8234226,4409533,21.6785530316,13.7956995226,0.501844427753,29.1487286336,12.8528153692,9.3131718186,12.7091871966,65.1248256155,34.8751743845,38,38,566,2740984,1744295,8958264,1670371,3414666,30.5972675063,19.4713506992,38.1174968722,18.646146173,12644291.15271,18610.0789544195
39,25025000503,250250005.03,MA,39,5864.83367576,39,1510731,361349,111158,0,0,404760,390009,243455,472507,1038224,23.9188181086,7.35789495284,0,0,26.7923276877,25.8159129587,16.1150462922,31.2767130614,68.7232869386,39,39,6,361349,111158,1510731,243455,354613,23.9188181086,7.35789495284,23.472941245,16.1150462922,1510759.32128906,5864.83367573999
40,25025000504,250250005.04,MA,40,10614.8703783,40,3499790,951520,286019,0,0,1030677,622100,609474,1237539,2262251,27.1879169893,8.17246177628,0,0,29.4496812666,17.7753522354,17.4145877324,35.3603787656,64.6396212344,40,40,40,951520,286019,3499790,609474,895493,27.1879169893,8.17246177628,25.5870495087,17.4145877324,3499846.78955078,10614.8703782978
41,25025000601,250250006.01,MA,41,15514.1645196,41,5326507,1048978,785299,6582,0,1360975,892720,1231953,1840859,3485648,19.6935440055,14.7432266587,0.123570662725,0,25.5509849138,16.7599516907,23.1287220687,34.5603413269,65.4396586731,41,41,33,1048978,785299,5326507,1238535,2023834,19.6935440055,14.7432266587,37.9955193901,23.2522927314,5326571.8527832,15514.1645195875
42,25025000602,250250006.02,MA,42,12135.6527507,42,6456136,1858462,902562,9799,0,1627350,633249,1424714,2770823,3685313,28.7859797253,13.9799099647,0.151778091416,0,25.2062533999,9.80848296876,22.0675958499,42.9176677815,57.0823322185,42,42,38,1858462,902562,6456136,1434513,2337075,28.7859797253,13.9799099647,36.199283906,22.2193739413,6456163.81274414,12135.6527507207
43,25025000701,250250007.01,MA,43,7123.31604782,43,2447978,447244,189524,806,0,832927,521807,455670,637574,1810404,18.2699354324,7.74206304142,0.0329251324971,0,34.0251015328,21.3158369887,18.6141378722,26.0449236063,73.9550763937,43,43,16,447244,189524,2447978,456476,646000,18.2699354324,7.74206304142,26.3891260461,18.6470630047,2448016.71240234,7123.31604781587
44,25025000703,250250007.03,MA,44,7503.25285952,44,1909717,174526,62832,0,0,683385,556217,432757,237358,1672359,9.13884099058,3.29012099699,0,0,35.784621491,29.1256243726,22.6607921488,12.4289619876,87.5710380124,44,44,177,174526,62832,1909717,432757,495589,9.13884099058,3.29012099699,25.9509131458,22.6607921488,1909898.00341797,7503.25285950829
45,25025000704,250250007.04,MA,45,7045.133987,45,2565727,363416,132115,0,0,1012786,481717,575693,495531,2070196,14.1642505224,5.14922281287,0,0,39.4736462609,18.7750684309,22.437811973,19.3134733352,80.6865266648,45,45,9,363416,132115,2565727,575693,707808,14.1642505224,5.14922281287,27.5870347859,22.437811973,2565711.26171875,7045.13398702528
46,25025000802,250250008.02,MA,46,21298.840657,46,10452110,1509432,820293,16410,0,3177077,1966443,2962455,2346135,8105975,14.4414094379,7.84810913777,0.157001791983,0,30.3965132399,18.8138375888,28.3431288037,22.4465203677,77.5534796323,46,46,57,1509432,820293,10452110,2978865,3799158,14.4414094379,7.84810913777,36.3482397334,28.5001305956,10452126.829834,21298.8406571103
47,25025000803,250250008.03,MA,47,24769.8972686,47,12580958,1420580,1760623,50044,0,1583899,3128810,4637002,3231247,9349711,11.2915089614,13.9943476482,0.397775749669,0,12.5896533475,24.8694097858,36.8573045073,25.6836323593,74.3163676407,47,47,32,1420580,1760623,12580958,4687046,6447669,11.2915089614,13.9943476482,51.2494279053,37.255080257,12580971.5402832,24769.8972685947
48,25025010103,250250101.03,MA,48,9842.70959724,48,2943447,417994,169363,0,0,1064388,829468,462234,587357,2356090,14.2008332408,5.7539001042,0,0,36.161276218,28.180157482,15.703832955,19.954733345,80.045266655,48,48,70,417994,169363,2943447,462234,631597,14.2008332408,5.7539001042,21.4577330592,15.703832955,2943542.47143555,9842.70959719858
49,25025010104,250250101.04,MA,49,9778.16260163,49,3087794,431679,160806,247,27587,830227,1226184,411064,620319,2467475,13.9801748433,5.20779559776,0.00799923829116,0.89342099894,26.8873830314,39.7106801814,13.312546109,20.0893906783,79.9106093217,49,49,2,431679,160806,3060207,411311,572117,14.1062026196,5.25474257134,18.6953693002,13.4406267288,3087757.12817383,9778.16260162
50,25025010203,250250102.03,MA,50,11331.4056478,50,3938815,424207,257383,13423,7673,1605552,743143,887434,702686,3236129,10.7699143016,6.53452878594,0.340787775003,0.194804782657,40.7623104919,18.8671719794,22.5304818835,17.8400356452,82.1599643548,50,50,9,424207,257383,3931142,900857,1158240,10.7909355602,6.54728320676,29.4631941558,22.915910949,3938852.28271484,11331.4056478719
51,25025010204,250250102.04,MA,51,7660.05891642,51,2704638,226348,94295,10455,6546,1060639,622834,683521,337644,2366994,8.36888337737,3.48641851516,0.386558201134,0.242028692934,39.2155623045,23.0283683066,25.2721806024,12.4838887866,87.5161112134,51,51,308,226348,94295,2698092,693976,788271,8.38918761851,3.49487712057,29.2158681023,25.7209909818,2704951.71557617,7660.05891641551
52,25025010300,250250103.00,MA,52,12396.4834726,52,5449347,947367,552499,7764,0,2216384,643147,1082186,1507630,3941717,17.3849637397,10.1388111273,0.142475786548,0,40.6724695638,11.8022764929,19.8590032898,27.6662506535,72.3337493465,52,52,19,947367,552499,5449347,1089950,1642449,17.3849637397,10.1388111273,30.1402902036,20.0014790763,5449353.29882813,12396.4834726284
53,25025010403,250250104.03,MA,53,4210.15376822,53,943996,95090,25962,76,0,493815,218839,110214,121128,822868,10.0731359031,2.7502235179,0.00805088157153,0,52.3111326743,23.1821956873,11.6752613359,12.8314103026,87.1685896974,53,53,3,95090,25962,943996,110290,136252,10.0731359031,2.7502235179,14.4335357353,11.6833122174,943981.657714844,4210.15376823013
54,25025010404,250250104.04,MA,54,5346.2542865,54,1490915,200410,61667,0,0,708419,288362,232057,262077,1228838,13.4420808698,4.1361848261,0,0,47.5157202121,19.341277001,15.564737091,17.5782656959,82.4217343041,54,54,5,200410,61667,1490915,232057,293724,13.4420808698,4.1361848261,19.7009219171,15.564737091,1490930.65356445,5346.25428648807
55,25025010405,250250104.05,MA,55,14817.5163818,55,3936379,719050,309893,158,0,1477083,800441,629754,1029101,2907278,18.2667878271,7.87253971226,0.0040138411469,0,37.523902043,20.334449503,15.9983070736,26.1433413805,73.8566586195,55,55,18,719050,309893,3936379,629912,939805,18.2667878271,7.87253971226,23.874860627,16.0023209147,3936418.82446289,14817.5163817937
56,25025010408,250250104.08,MA,56,2738.39689578,56,460396,73728,39237,0,0,177812,72571,97048,112965,347431,16.0140400872,8.5224458944,0,0,38.6215345051,15.7627346893,21.079244824,24.5364859816,75.4635140184,56,56,4,73728,39237,460396,97048,136285,16.0140400872,8.5224458944,29.6016907184,21.079244824,460378.049316406,2738.39689576843
57,25025010500,250250105.00,MA,57,6652.27678712,57,2115526,253277,85694,0,0,830543,456675,489337,338971,1776555,11.9722943608,4.05071835562,0,0,39.2594087712,21.5868299421,23.1307485703,16.0230127165,83.9769872835,57,57,2,253277,85694,2115526,489337,575031,11.9722943608,4.05071835562,27.181466926,23.1307485703,2115498.41699219,6652.27678714463
58,25025010600,250250106.00,MA,58,10199.4964238,58,3635909,280110,49016,0,0,2346444,588721,371618,329126,3306783,7.70398819112,1.34810854727,0,0,64.5352785232,16.1918518863,10.2207728521,9.05209673839,90.9479032616,58,58,6,280110,49016,3635909,371618,420634,7.70398819112,1.34810854727,11.5688813994,10.2207728521,3635937.89794922,10199.4964238396
59,25025010701,250250107.01,MA,59,7228.98771513,59,2193314,465080,51116,0,0,869180,527965,279973,516196,1677118,21.2044422276,2.33053726005,0,0,39.6286167872,24.0715647646,12.7648389606,23.5349794877,76.4650205123,59,59,4,465080,51116,2193314,279973,331089,21.2044422276,2.33053726005,15.0953762206,12.7648389606,2193352.48681641,7228.98771515683
60,25025010702,250250107.02,MA,60,7865.28250839,60,3242882,631303,73476,0,0,1352535,678740,506828,704779,2538103,19.467344171,2.26576236817,0,0,41.7078080547,20.9301479363,15.6289374698,21.7331065392,78.2668934608,60,60,9,631303,73476,3242882,506828,580304,19.467344171,2.26576236817,17.894699838,15.6289374698,3242869.10498047,7865.2825083905
61,25025010801,250250108.01,MA,61,6199.24597775,61,1366481,250974,38112,0,0,585232,320462,171701,289086,1077395,18.3664463684,2.78906183108,0,0,42.8276719545,23.4516250134,12.5651948326,21.1555081995,78.8444918005,61,61,7,250974,38112,1366481,171701,209813,18.3664463684,2.78906183108,15.3542566636,12.5651948326,1366484.84960938,6199.24597776726
62,25025010802,250250108.02,MA,62,6448.27842624,62,1654960,343374,62967,0,0,678738,371045,198836,406341,1248619,20.7481751825,3.80474452555,0,0,41.0123507517,22.4201793397,12.0145502006,24.552919708,75.447080292,62,62,7,343374,62967,1654960,198836,261803,20.7481751825,3.80474452555,15.8192947262,12.0145502006,1654960.32666016,6448.27842624886
63,25025020101,250250201.01,MA,63,8009.84853867,63,2383725,519558,50223,0,0,1201244,458042,154658,569781,1813944,21.7960544945,2.10691250039,0,0,50.3935646939,19.215387681,6.48808063011,23.9029669949,76.0970330051,63,63,3,519558,50223,2383725,154658,204881,21.7960544945,2.10691250039,8.5949931305,6.48808063011,2383713.00756836,8009.84853869239
64,25025020200,250250202.00,MA,64,5368.26838483,64,1297969,220610,38154,0,0,631611,318439,89155,258764,1039205,16.9965538468,2.93951550461,0,0,48.661485752,24.5336367818,6.86880811483,19.9360693514,80.0639306486,64,64,4,220610,38154,1297969,89155,127309,16.9965538468,2.93951550461,9.80832361944,6.86880811483,1297981.15698242,5368.26838488242
65,25025020301,250250203.01,MA,65,10504.2540416,65,2672709,455183,139978,0,25,1052536,602463,422524,595186,2077523,17.0307728975,5.23730791493,0,0.000935380544608,39.380867876,22.5412867619,15.8088291692,22.2690161929,77.7309838071,65,65,136,455183,139978,2672684,422524,562502,17.0309322015,5.23735690415,21.0463339474,15.8089770433,2672881.36108398,10504.2540415356
66,25025020302,250250203.02,MA,66,4016.8223142,66,824872,119603,50281,0,0,404766,145759,104463,169884,654988,14.4995829656,6.09561241017,0,0,49.070158764,17.6704991805,12.6641466797,20.5951953758,79.4048046242,66,66,1,119603,50281,824872,104463,154744,14.4995829656,6.09561241017,18.7597590899,12.6641466797,824885.489746094,4016.82231420369
67,25025020303,250250203.03,MA,67,14066.7273981,67,4673450,396162,222500,12273,36012,1548782,1451608,1006113,666947,4006503,8.47686398699,4.76093678118,0.262611133103,0.770565642085,33.1400143363,31.0607367148,21.5282714055,14.2709775434,85.7290224566,67,67,480,396162,222500,4637438,1018386,1240886,8.54269102897,4.7979078103,26.7580073308,21.9600995205,4673981.46191406,14066.7273981635
68,25025030100,250250301.00,MA,68,4070.36686237,68,842279,102012,52181,0,0,403564,186728,97794,154193,688086,12.1114262614,6.19521559958,0,0,47.9133398791,22.1693761806,11.6106420794,18.306641861,81.693358139,68,68,1,102012,52181,842279,97794,149975,12.1114262614,6.19521559958,17.805857679,11.6106420794,842280.485595703,4070.3668623432
69,25025030200,250250302.00,MA,69,4501.08151179,69,683269,30476,10092,0,0,325730,206408,110563,40568,642701,4.46032236206,1.47701710454,0,0,47.67229305,30.2088928372,16.1814746461,5.93733946659,94.0626605334,69,69,0,30476,10092,683269,110563,120655,4.46032236206,1.47701710454,17.6584917507,16.1814746461,683252.783447266,4501.08151179357
70,25025030300,250250303.00,MA,70,22873.8230884,70,7398751,684742,235584,1156,44849,2991160,1727088,1714172,966331,6432420,9.25483233589,3.18410499286,0.0156242587431,0.606169879213,40.4279046558,23.3429669413,23.1683969362,13.0607314667,86.9392685333,70,70,1449,684742,235584,7353902,1715328,1950912,9.31127447714,3.20352378914,26.5289366108,23.3254128217,7400148.57348633,22873.8230884969
71,25025030400,250250304.00,MA,71,6138.4321049,71,1170043,95317,27617,0,0,641441,255758,149910,122934,1047109,8.14645273721,2.36034060287,0,0,54.8220022683,21.85885476,12.8123496316,10.5067933401,89.4932066599,71,71,1,95317,27617,1170043,149910,177527,8.14645273721,2.36034060287,15.1726902345,12.8123496316,1170052.49316406,6138.43210491313
72,25025030500,250250305.00,MA,72,13992.6953755,72,1974387,166841,149129,24753,17816,692728,325560,597560,358539,1615848,8.45026836178,7.55317979707,1.25370558052,0.902356022401,35.0857253416,16.4891685369,30.2655963598,18.1595097618,81.8404902382,72,72,734,166841,149129,1956571,622313,771442,8.52721419258,7.62195698495,39.4282650617,31.8063080767,1975109.1809082,13992.6953753675
73,25025040100,250250401.00,MA,73,8906.59327213,73,2752898,529422,200323,459,6178,893218,567203,556095,736382,2016516,19.231442647,7.2768042986,0.0166733384237,0.224418049634,32.446461874,20.6038509236,20.2003488687,26.7493383336,73.2506616664,73,73,59,529422,200323,2746720,556554,756877,19.2746985495,7.29317149182,27.5556663948,20.262494903,2752933.92700195,8906.59327214586
74,25025040200,250250402.00,MA,74,7240.93962855,74,1530163,369513,100070,0,0,379652,378454,302474,469583,1060580,24.1486037762,6.53982614924,0,0,24.8112129231,24.7329206104,19.7674365411,30.6884299254,69.3115700746,74,74,7,369513,100070,1530163,302474,402544,24.1486037762,6.53982614924,26.3072626903,19.7674365411,1530175.76538086,7240.93962858036
75,25025040300,250250403.00,MA,75,9829.25495384,75,3020364,510324,161841,0,0,1251371,554987,541841,672165,2348199,16.8961092107,5.35832767176,0,0,41.4311321417,18.3748382645,17.9395927113,22.2544368824,77.7455631176,75,75,13,510324,161841,3020364,541841,703682,16.8961092107,5.35832767176,23.2979203831,17.9395927113,3020378.29077148,9829.254953813
76,25025040401,250250404.01,MA,76,15172.8824914,76,4601819,665833,528922,4137,12158,865928,1459349,1065492,1211050,3390769,14.4689089249,11.4937593156,0.0898992333249,0.264199874006,18.8170808109,31.7124380598,23.1537137814,26.3167673479,73.6832326521,76,76,264,665833,528922,4589661,1069629,1598551,14.5072370269,11.524206254,34.8293915389,23.3051852849,4602095.92773438,15172.8824913819
77,25025040600,250250406.00,MA,77,36500.5724357,77,15285188,1359812,1695719,78714,144128,3262075,3026042,5718698,3278373,12006815,8.89627265298,11.093870746,0.514969132208,0.942925922795,21.3414123529,19.797218065,37.4133311281,21.448038454,78.551961546,77,77,2032,1359812,1695719,15141060,5797412,7493131,8.98095641917,11.1994734847,49.4888138611,38.2893403764,15287236.1882324,36500.5724356331
78,25025040801,250250408.01,MA,78,40462.814853,78,9669872,860350,769238,24701,82302,2215736,1047889,4669656,1736591,7933281,8.89722221763,7.95499671557,0.25544288487,0.851117781083,22.9138089935,10.8366377549,48.2907736524,17.9587795992,82.0412204008,78,78,1838,860350,769238,9587570,4694357,5463595,8.97359810672,8.023284315,56.9862332166,48.9629489015,9671724.37280273,40462.8148529035
79,25025050101,250250501.01,MA,79,12668.4396539,79,3047363,408450,202415,0,7298,1138260,442763,848177,618163,2429200,13.4033917193,6.64230024451,0,0.239485745545,37.3522944264,14.5293816326,27.8331462317,20.2851777094,79.7148222906,79,79,1611,408450,202415,3040065,848177,1050592,13.4355679895,6.65824579409,34.5582084594,27.8999626653,3048957.68261719,12668.4396538764
80,25025050200,250250502.00,MA,80,9616.06075905,80,2599590,387658,127786,0,0,1124161,448963,511022,515444,2084146,14.9122746279,4.91562130951,0,0,43.24378075,17.2705311222,19.6577921903,19.8278959374,80.1721040626,80,80,8,387658,127786,2599590,511022,638808,14.9122746279,4.91562130951,24.5734134998,19.6577921903,2599617.74804688,9616.06075903805
81,25025050300,250250503.00,MA,81,17973.3051634,81,3462652,370089,248344,62665,39521,1023252,417634,1301147,720619,2742033,10.6880217821,7.17207504537,1.80974004896,1.14135061797,29.5511070705,12.0611022996,37.5766031354,20.8111874944,79.1888125056,81,81,3140,370089,248344,3423131,1363812,1612156,10.8114179679,7.25487864765,47.0959481247,39.841069477,3465762.8984375,17973.3051632814
82,25025050400,250250504.00,MA,82,5538.53296069,82,1402116,180545,100254,0,0,560546,258964,301807,280799,1121317,12.8766093533,7.15019299402,0,0,39.9785752391,18.4695132214,21.5251091921,20.0268023473,79.9731976527,82,82,12,180545,100254,1402116,301807,402061,12.8766093533,7.15019299402,28.6753021861,21.5251091921,1402123.49975586,5538.53296066283
83,25025050500,250250505.00,MA,83,4516.0266163,83,1241589,156228,106734,5166,0,453554,215206,304701,268128,973461,12.5829078705,8.59656456364,0.416079717201,0,36.5301238977,17.3331110375,24.5412129135,21.5955521513,78.4044478487,83,83,9,156228,106734,1241589,309867,416601,12.5829078705,8.59656456364,33.5538571943,24.9572926307,1241595.39916992,4516.02661629805
84,25025050600,250250506.00,MA,84,6444.85322329,84,1819218,249114,55507,0,0,530360,481691,502546,304621,1514597,13.6934660937,3.05114615181,0,0,29.1531855995,26.4779152361,27.6242869189,16.7446122455,83.2553877545,84,84,5,249114,55507,1819218,502546,558053,13.6934660937,3.05114615181,30.6754330707,27.6242869189,1819237.09790039,6444.8532232971
85,25025050700,250250507.00,MA,85,8628.78474141,85,2926540,506563,321471,608,0,901943,598480,597475,828642,2097898,17.3092799005,10.9846781524,0.020775386634,0,30.8194318205,20.450087817,20.415746923,28.3147334395,71.6852665605,85,85,24,506563,321471,2926540,598083,919554,17.3092799005,10.9846781524,31.421200462,20.4365223096,2926548.05224609,8628.7847413676
86,25025050901,250250509.01,MA,86,19024.992637,86,6387330,587994,675666,113787,6170,1516078,1134227,2353408,1383617,5003713,9.20563052167,10.5782228255,1.7814485865,0.0965974828293,23.7357080345,17.7574510789,36.8449414701,21.6618994165,78.3381005835,86,86,1462,587994,675666,6381160,2467195,3142861,9.21453152718,10.5884510026,49.2521892571,38.6637382545,6388765.40185547,19024.9926369862
87,25025051000,250250510.00,MA,87,22131.8871905,87,11165189,1560878,2159693,64028,2653,2126610,1577927,3673400,3787252,7377937,13.9798618725,19.3430939682,0.573460959774,0.0237613532561,19.046789087,14.1325596907,32.9004730686,33.9201781537,66.0798218463,87,87,2006,1560878,2159693,11162536,3737428,5897121,13.9831844663,19.3476912415,52.8295810199,33.4818897785,11167156.6181641,22131.8871905026
88,25025051101,250250511.01,MA,88,27755.4425354,88,12580824,2191417,2431339,328853,425,2411865,2346970,2869955,4952034,7628790,17.4187080274,19.3257532257,2.61392258567,0.0033781571064,19.1709620928,18.6551373741,22.8121385372,39.3617619959,60.6382380041,88,88,686,2191417,2431339,12580399,3198808,5630147,17.4192964786,19.3264061021,44.7533261862,25.4269200842,12581615.6525879,27755.4425352826
89,25025051200,250250512.00,MA,89,21063.295014,89,4074904,628125,410226,63850,2557,971471,433114,1565561,1104758,2970146,15.414473568,10.0671328699,1.56690807931,0.0627499445386,23.8403407786,10.6288148138,38.4195799459,27.1112644617,72.8887355383,89,89,2800,628125,410226,4072347,1629411,2039637,15.4241522149,10.0734539566,50.0850492357,40.0115952791,4077715.72314453,21063.2950139683
90,25025060101,250250601.01,MA,90,8273.67567713,90,3190216,420309,243794,0,0,1092283,640251,793579,664103,2526113,13.1749386248,7.64192769392,0,0,34.2385280495,20.0692053453,24.8754002864,20.8168663188,79.1831336812,90,90,17,420309,243794,3190216,793579,1037373,13.1749386248,7.64192769392,32.5173279803,24.8754002864,3190226.25146484,8273.67567712762
91,25025060200,250250602.00,MA,91,7547.34138989,91,1838917,273553,176778,0,0,689026,373949,325611,450331,1388586,14.8757665517,9.61315817952,0,0,37.4691190521,20.3352843005,17.7066719161,24.4889247312,75.5110752688,91,91,13,273553,176778,1838917,325611,502389,14.8757665517,9.61315817952,27.3198300956,17.7066719161,1838924.21313477,7547.34138989375
92,25025060301,250250603.01,MA,92,8953.38891951,92,2937564,490679,197104,0,0,1161460,500837,587484,687783,2249781,16.7036020322,6.70977721677,0,0,39.5382024017,17.0493987535,19.9990195958,23.4133792489,76.5866207511,92,92,16,490679,197104,2937564,587484,784588,16.7036020322,6.70977721677,26.7087968126,19.9990195958,2937606.70581055,8953.3889195385
93,25025060400,250250604.00,MA,93,9447.6002487,93,4283779,769955,466257,0,0,1519584,784120,743863,1236212,3047567,17.9737330054,10.8842449622,0,0,35.4729784146,18.3043989898,17.364644628,28.8579779676,71.1420220324,93,93,29,769955,466257,4283779,743863,1210120,17.9737330054,10.8842449622,28.2488895902,17.364644628,4283823.73364258,9447.600248713
94,25025060501,250250605.01,MA,94,11531.8359557,94,4441393,585121,482685,30785,0,1595103,836075,911624,1098591,3342802,13.1742676228,10.8678741107,0.693138391491,0,35.914475481,18.824612008,20.5256323861,24.735280125,75.264719875,94,94,15,585121,482685,4441393,942409,1425094,13.1742676228,10.8678741107,32.0866448882,21.2187707775,4441380.32226563,11531.835955725
95,25025060600,250250606.00,MA,95,32372.2134967,95,13220992,729292,489908,16172,26384,4685374,2875290,4398572,1261756,11959236,5.51616701682,3.70553132473,0.122320624655,0.19956142474,35.4388989873,21.7479142261,33.2696063956,9.54358039094,90.4564196091,95,95,1154,729292,489908,13194608,4414744,4904652,5.52719717024,3.71294092253,37.1716385966,33.4586976741,13222109.7973633,32372.2134968518
96,25025060700,250250607.00,MA,96,4787.3344985,96,1391166,316019,114905,3043,0,380204,235086,341909,433967,957199,22.7161244596,8.25961819078,0.218737375698,0,27.329880115,16.8984865933,24.5771532657,31.1944800261,68.8055199739,96,96,10,316019,114905,1391166,344952,459857,22.7161244596,8.25961819078,33.0555088322,24.7958906414,1391164.7199707,4787.33449852245
97,25025060800,250250608.00,MA,97,9407.37005178,97,3663371,400763,153058,0,0,1526849,849677,733024,553821,3109550,10.9397328308,4.17806441117,0,0,41.6787980251,23.1938561505,20.0095485824,15.1177972419,84.8822027581,97,97,12,400763,153058,3663371,733024,886082,10.9397328308,4.17806441117,24.1876129936,20.0095485824,3663378.27758789,9407.37005176439
98,25025061000,250250610.00,MA,98,6043.41939942,98,1884285,349765,129530,0,0,570608,441277,393105,479295,1404990,18.5622132533,6.87422550198,0,0,30.2824678857,23.4188034188,20.8622899402,25.4364387553,74.5635612447,98,98,4,349765,129530,1884285,393105,522635,18.5622132533,6.87422550198,27.7365154422,20.8622899402,1884313.67016602,6043.41939940448
99,25025061101,250250611.01,MA,99,6845.91696687,99,1789466,601410,219961,7809,0,324729,333468,302089,829180,960286,33.6083502006,12.2919910185,0.436387168015,0,18.1466985123,18.6350564917,16.8815166089,46.3367283871,53.6632716129,99,99,6,601410,219961,1789466,309898,529859,33.6083502006,12.2919910185,29.6098947954,17.3179037769,1789458.2800293,6845.91696685567
100,25025061200,250250612.00,MA,100,25462.865792,100,19803445,701121,554611,1676,2460,5449780,5938929,7154868,1259868,18543577,3.54039915782,2.80057838422,0.00846317395786,0.0124220811076,27.5193533246,29.9893730611,36.1294108172,6.3618627971,93.6381372029,100,100,713,701121,554611,19800985,7156544,7711155,3.54083900372,2.80092631755,38.9432899424,36.1423636248,19804132.3417969,25462.8657920039
101,25025070101,250250701.01,MA,101,17765.2466081,101,10964332,599092,459362,11559,10982,4949790,3316308,1617239,1080995,9883337,5.46400820406,4.1896031605,0.105423659189,0.100161140688,45.1444739178,30.2463296442,14.7500002736,9.85919616444,90.1408038356,101,101,293,599092,459362,10953350,1628798,2088160,5.46948650413,4.19380372215,19.0641219353,14.8703182131,10964656.635498,17765.246608112
102,25025070200,250250702.00,MA,102,7723.89806777,102,2866759,197652,65927,0,0,1462813,701049,439318,263579,2603180,6.89461513856,2.29970499787,0,0,51.0267169302,24.4544100149,15.3245529185,9.19432013643,90.8056798636,102,102,5,197652,65927,2866759,439318,505245,6.89461513856,2.29970499787,17.6242579163,15.3245529185,2866761.82910156,7723.89806777284
103,25025070300,250250703.00,MA,103,9329.25474233,103,3616968,559290,84942,0,0,1537950,999492,435294,644232,2972736,15.4629512896,2.3484310616,0,0,42.5204204184,27.6334211417,12.0347760887,17.8113823512,82.1886176488,103,103,1,559290,84942,3616968,435294,520236,15.4629512896,2.3484310616,14.3832071503,12.0347760887,3616992.25878906,9329.25474232423
104,25025070402,250250704.02,MA,104,7577.76068042,104,2885038,354037,62719,1108,381,821090,1103739,541964,418245,2466793,12.2714848123,2.17394016994,0.0384050400723,0.0132060652234,28.460283712,38.2573470436,18.7853331568,14.4970360876,85.5029639124,104,104,9,354037,62719,2884657,543072,605791,12.2731056067,2.17422729981,21.0004517002,18.8262244003,2885023.97094727,7577.76068042385
105,25025070500,250250705.00,MA,105,9294.10517094,105,3187209,885954,198439,5472,0,1046465,576615,474264,1089865,2097344,27.7971730125,6.22610566172,0.171686262181,0,32.8332719944,18.0915340036,14.8802290656,34.1949649364,65.8050350636,105,105,8,885954,198439,3187209,479736,678175,27.7971730125,6.22610566172,21.2780209895,15.0519153278,3187224.80834961,9294.10517090624
106,25025070600,250250706.00,MA,106,5723.61563316,106,1417930,394780,31012,0,0,532013,266364,193761,425792,992138,27.8419950209,2.18713194586,0,0,37.5203994555,18.785412538,13.6650610397,30.0291269668,69.9708730332,106,106,3,394780,31012,1417930,193761,224773,27.8419950209,2.18713194586,15.8521929855,13.6650610397,1417903.67529297,5723.61563316216
107,25025070700,250250707.00,MA,107,7313.51902853,107,1768307,411873,53317,0,0,687651,431232,184234,465190,1303117,23.2919396915,3.01514386359,0,0,38.8875348002,24.3867156551,10.4186659896,26.3070835551,73.6929164449,107,107,9,411873,53317,1768307,184234,237551,23.2919396915,3.01514386359,13.4338098532,10.4186659896,1768326.84912109,7313.51902857874
108,25025070800,250250708.00,MA,108,6150.21065388,108,2115365,537143,135682,0,0,647472,420569,374499,672825,1442540,25.3924500027,6.41411765818,0,0,30.6080510928,19.8816279933,17.703753253,31.8065676609,68.1934323391,108,108,17,537143,135682,2115365,374499,510181,25.3924500027,6.41411765818,24.1178709112,17.703753253,2115387.66552734,6150.21065386573
109,25025070900,250250709.00,MA,109,5697.74333817,109,1794761,407881,86402,0,0,607337,398630,294511,494283,1300478,22.7262014274,4.81412288321,0,0,33.8394360029,22.2107567526,16.4094829339,27.5403243106,72.4596756894,109,109,6,407881,86402,1794761,294511,380913,22.7262014274,4.81412288321,21.2236058172,16.4094829339,1794757.82910156,5697.74333818869
110,25025071101,250250711.01,MA,110,9398.26177537,110,3932350,629166,270320,0,0,1543612,715561,773691,899486,3032864,15.9997456991,6.87426093812,0,0,39.254186428,18.1967780081,19.6750289267,22.8740066373,77.1259933627,110,110,10,629166,270320,3932350,773691,1044011,15.9997456991,6.87426093812,26.5492898648,19.6750289267,3932365.83276367,9398.26177537335
111,25025071201,250250712.01,MA,111,11174.9114542,111,4335075,366602,219689,0,0,1410535,910122,1428127,586291,3748784,8.45664723217,5.06770932452,0,0,32.5377300277,20.9943772599,32.9435361557,13.5243565567,86.4756434433,111,111,9,366602,219689,4335075,1428127,1647816,8.45664723217,5.06770932452,38.0112454802,32.9435361557,4335045.97924805,11174.9114541979
112,25025080100,250250801.00,MA,112,18519.5629499,112,11098018,782582,811893,67058,0,3271067,2099412,4066006,1661533,9436485,7.05154740243,7.31565762463,0.604234017281,0,29.4743349668,18.9169994138,36.6372265751,14.9714390443,85.0285609557,112,112,37,782582,811893,11098018,4133064,4944957,7.05154740243,7.31565762463,44.557118217,37.2414605923,11098072.6494141,18519.5629499394
113,25025080300,250250803.00,MA,113,8446.68956904,113,2871200,670699,381742,6941,0,745473,409731,656614,1059382,1811818,23.3595360825,13.2955558651,0.241745611591,0,25.9638130398,14.2703747562,22.8689746447,36.8968375592,63.1031624408,113,113,15,670699,381742,2871200,663555,1045297,23.3595360825,13.2955558651,36.4062761215,23.1107202563,2871226.97192383,8446.68956903221
114,25025080401,250250804.01,MA,114,12614.8129211,114,4732384,882355,469277,16015,0,1187597,877611,1299529,1367647,3364737,18.6450423296,9.91629166188,0.338412943666,0,25.095110625,18.5447968719,27.4603455679,28.8997469352,71.1002530648,114,114,15,882355,469277,4732384,1315544,1784821,18.6450423296,9.91629166188,37.7150501734,27.7987585116,4732423.73071289,12614.8129210847
115,25025080500,250250805.00,MA,115,8302.0620466,115,2623413,605160,388749,15090,0,541611,423715,649088,1008999,1614414,23.0676603341,14.8184445225,0.575204895302,0,20.6452815474,16.151288417,24.7421202838,38.4613097518,61.5386902482,115,115,19,605160,388749,2623413,664178,1052927,23.0676603341,14.8184445225,40.1357697015,25.3173251791,2623445.60888672,8302.06204659516
116,25025080601,250250806.01,MA,116,17159.6991494,116,6016360,913034,770581,37298,0,1465637,1131506,1698304,1720913,4295447,15.1758538385,12.8080932657,0.619942955541,0,24.3608593901,18.8071524975,28.2280980526,28.6038900598,71.3961099402,116,116,17,913034,770581,6016360,1735602,2506183,15.1758538385,12.8080932657,41.6561342739,28.8480410082,6016313.72753906,17159.6991493305
117,25025080801,250250808.01,MA,117,8069.83055379,117,3894579,749991,495330,10550,0,982492,596129,1060087,1255871,2638708,19.257306117,12.7184478733,0.270889356719,0,25.2271683281,15.3066351973,27.2195531276,32.2466433471,67.7533566529,117,117,29,749991,495330,3894579,1070637,1565967,19.257306117,12.7184478733,40.2088903576,27.4904424843,3894605.7019043,8069.83055381861
118,25025080900,250250809.00,MA,118,8162.35044183,118,2794792,569369,360729,0,0,870979,493865,499850,930098,1864694,20.3724999928,12.9071859373,0,0,31.1643585641,17.670903595,17.8850519108,33.2796859301,66.7203140699,118,118,17,569369,360729,2794792,499850,860579,20.3724999928,12.9071859373,30.7922378481,17.8850519108,2794807.99145508,8162.35044182298
119,25025081001,250250810.01,MA,119,17139.4025822,119,6014306,886695,383143,0,0,2587397,1071927,1085144,1269838,4744468,14.7430975411,6.3705272063,0,0,43.0207076261,17.8229541364,18.0427134901,21.1136247474,78.8863752526,119,119,34,886695,383143,6014306,1085144,1468287,14.7430975411,6.3705272063,24.4132406964,18.0427134901,6014355.81347656,17139.4025820902
120,25025081100,250250811.00,MA,120,15831.5929229,120,5343811,1793887,579723,72361,0,1236885,730324,930631,2445971,2897840,33.5694320027,10.8484937061,1.35410851918,0,23.1461217472,13.6667258629,17.4151181619,45.772034228,54.227965772,120,120,29,1793887,579723,5343811,1002992,1582715,33.5694320027,10.8484937061,29.6177203872,18.7692266811,5343880.19848633,15831.5929228681
121,25025081200,250250812.00,MA,121,8009.16702357,121,3045652,729392,313253,0,0,826889,427351,748767,1042645,2003007,23.9486323454,10.2852525502,0,0,27.1498188237,14.031511151,24.5847851298,34.2338848956,65.7661151044,121,121,21,729392,313253,3045652,748767,1062020,23.9486323454,10.2852525502,34.8700376799,24.5847851298,3045681.4140625,8009.1670235118
122,25025081300,250250813.00,MA,122,13416.3529582,122,6183374,1446127,753287,18749,0,1419274,977553,1568384,2218163,3965211,23.3873448379,12.1824589617,0.303216334642,0,22.9530673707,15.8093785044,25.3645339907,35.8730201343,64.1269798657,122,122,21,1446127,753287,6183374,1587133,2340420,23.3873448379,12.1824589617,37.850209287,25.6677503253,6183418.04931641,13416.3529581803
123,25025081400,250250814.00,MA,123,14900.0721409,123,6696515,1981372,955037,177298,0,1297850,1300978,983980,3113707,3582808,29.5881066495,14.2617017956,2.64761596144,0,19.3809765229,19.4276873866,14.6939116839,46.4974244066,53.5025755934,123,123,47,1981372,955037,6696515,1161278,2116315,29.5881066495,14.2617017956,31.603229441,17.3415276453,6696564.11865234,14900.0721408799
124,25025081500,250250815.00,MA,124,11646.3921104,124,3625454,1306490,571016,7646,0,761101,406578,572623,1885152,1740302,36.036590176,15.7501929414,0.210897724809,0,20.9932604303,11.2145403031,15.7945184245,51.9976808422,48.0023191578,124,124,27,1306490,571016,3625454,580269,1151285,36.036590176,15.7501929414,31.7556090906,16.0054161493,3625425.53613281,11646.3921103918
125,25025081700,250250817.00,MA,125,11630.0151018,125,6819281,1875954,1056799,23176,0,1343073,1203488,1316791,2955929,3863352,27.5095570926,15.4972203081,0.339859876723,0,19.6952288665,17.6483121901,19.3098216659,43.3466372774,56.6533627226,125,125,36,1875954,1056799,6819281,1339967,2396766,27.5095570926,15.4972203081,35.1469018508,19.6496815427,6819314.82543945,11630.0151018161
126,25025081800,250250818.00,MA,126,10170.0471682,126,4019496,990726,610065,2840,0,1111394,551864,752607,1603631,2415865,24.6480155721,15.1776491381,0.0706556244863,0,27.6500834931,13.7296815322,18.72391464,39.8963203347,60.1036796653,126,126,43,990726,610065,4019496,755447,1365512,24.6480155721,15.1776491381,33.9722194026,18.7945702645,4019556.66992188,10170.0471682157
127,25025081900,250250819.00,MA,127,11667.1101509,127,4652540,1202111,837460,6458,0,1142540,751709,712262,2046029,2606511,25.8377359464,18.0000601822,0.138805899573,0,24.557338572,16.1569594243,15.3090999755,43.9766020281,56.0233979719,127,127,40,1202111,837460,4652540,718720,1556180,25.8377359464,18.0000601822,33.4479660573,15.4479058751,4652563.06054688,11667.1101508335
128,25025082000,250250820.00,MA,128,8531.55809673,128,4220760,1065949,654364,0,0,1170891,617902,711654,1720313,2500447,25.2549066993,15.5034638312,0,0,27.7412361755,14.6395909741,16.86080232,40.7583705304,59.2416294696,128,128,28,1065949,654364,4220760,711654,1366018,25.2549066993,15.5034638312,32.3642661511,16.86080232,4220816.68505859,8531.55809671225
129,25025082100,250250821.00,MA,129,8466.62342425,129,3993521,949858,558666,0,0,1288261,565809,630927,1508524,2484997,23.7849757144,13.9893091836,0,0,32.2587761527,14.1681738997,15.7987650497,37.774284898,62.225715102,129,129,33,949858,558666,3993521,630927,1189593,23.7849757144,13.9893091836,29.7880742332,15.7987650497,3993523.00244141,8466.62342424858
130,25025090100,250250901.00,MA,130,10535.174912,130,4812465,1007356,597746,35,0,1395914,945875,865539,1605137,3207328,20.9322249616,12.4207864369,0.000727278016567,0,29.0062161491,19.6546883977,17.9853567766,33.3537386765,66.6462613235,130,130,44,1007356,597746,4812465,865574,1463320,20.9322249616,12.4207864369,30.4068704915,17.9860840546,4812489.30517578,10535.1749120278
131,25025090200,250250902.00,MA,131,8051.25491514,131,2934836,519978,279330,1890,0,816853,487198,829587,801198,2133638,17.7174465626,9.51773795878,0.0643988284184,0,27.8330032751,16.6005187343,28.2668946408,27.2995833498,72.7004166502,131,131,16,519978,279330,2934836,831477,1110807,17.7174465626,9.51773795878,37.849031428,28.3312934692,2934843.69067383,8051.25491515639
132,25025090300,250250903.00,MA,132,9056.44433846,132,4093425,833080,655169,6817,0,1122694,624840,850825,1495066,2598359,20.351661506,16.0053989019,0.166535358532,0,27.4267636515,15.2644790121,20.7851615701,36.5235957664,63.4764042336,132,132,30,833080,655169,4093425,857642,1512811,20.351661506,16.0053989019,36.9570958305,20.9516969286,4093513.55444336,9056.44433845365
133,25025090400,250250904.00,MA,133,10192.282861,133,4598401,1045328,788090,8297,0,1045208,780577,930901,1841715,2756686,22.7324237273,17.1383487434,0.180432285049,0,22.7298141245,16.9749658631,20.2440152566,40.0512047557,59.9487952443,133,133,25,1045328,788090,4598401,939198,1727288,22.7324237273,17.1383487434,37.5627962851,20.4244475417,4598430.75439453,10192.2828610682
134,25025090600,250250906.00,MA,134,8958.73253954,134,3246582,553496,460059,3629,0,891489,546949,790960,1017184,2229398,17.0485760101,14.1705646123,0.111779095677,0,27.4593095138,16.8469177738,24.3628529943,31.330919718,68.669080282,134,134,28,553496,460059,3246582,794589,1254648,17.0485760101,14.1705646123,38.6451967023,24.47463209,3246619.75097656,8958.73253953755
135,25025090700,250250907.00,MA,135,14016.3999809,135,11484428,1153225,870370,7486,0,3035653,2531367,3886327,2031081,9453347,10.041640733,7.57869699736,0.0651839168655,0,26.4327748844,22.0417333802,33.8399700882,17.6855216472,82.3144783528,135,135,42,1153225,870370,11484428,3893813,4764183,10.041640733,7.57869699736,41.4838510024,33.9051540051,11484468.4387207,14016.3999809009
136,25025090901,250250909.01,MA,136,16447.5411898,136,12620339,1923244,2370094,243065,14776,2269879,1183914,4615367,4551179,8069160,15.2392419887,18.7799551185,1.92597837507,0.117080848621,17.9858797771,9.3809999874,36.5708639047,36.0622563308,63.9377436692,136,136,255,1923244,2370094,12605563,4858432,7228526,15.2571051368,18.8019686229,57.3439361653,38.5419675424,12620524.6970215,16447.541189808
137,25025091001,250250910.01,MA,137,29861.9613912,137,12671576,2531255,1787682,372817,14168,2045621,2595325,3324708,4705922,7965654,19.9758498864,14.1078110568,2.94215178917,0.111809296649,16.1433826384,20.4814697083,26.2375256243,37.137622029,62.862377971,137,137,1695,2531255,1787682,12657408,3697525,5485207,19.998209744,14.1236025575,43.3359420823,29.2123395248,12673230.0058594,29861.9613911531
138,25025091100,250250911.00,MA,138,9052.75393262,138,4564559,808366,411706,0,0,1569035,822346,953106,1220072,3344487,17.7096188263,9.01962270616,0,0,34.3742955234,18.0158915681,20.8805713761,26.7292415324,73.2707584676,138,138,36,808366,411706,4564559,953106,1364812,17.7096188263,9.01962270616,29.9001940823,20.8805713761,4564597.51953125,9052.75393264099
139,25025091200,250250912.00,MA,139,9010.80769283,139,3481617,811517,395757,4788,0,1013601,622067,633887,1212062,2269555,23.3086235505,11.3670458296,0.137522306446,0,29.11293804,17.8671864252,18.2066838483,34.8131916865,65.1868083135,139,139,29,811517,395757,3481617,638675,1034432,23.3086235505,11.3670458296,29.7112519844,18.3442061548,3481658.37060547,9010.80769283862
140,25025091300,250250913.00,MA,140,7983.20858988,140,2817729,452217,270239,91371,0,887782,480078,636042,813827,2003902,16.0489883875,9.59066681004,3.24271780572,0,31.5070043996,17.0377633903,22.5728592068,28.8823730032,71.1176269968,140,140,12,452217,270239,2817729,727413,997652,16.0489883875,9.59066681004,35.4062438226,25.8155770126,2817728.22680664,7983.20858989973
141,25025091400,250250914.00,MA,141,8352.7329964,141,3497969,900908,542398,258,0,848455,594312,611638,1443564,2054405,25.7551739309,15.5060836731,0.00737570858976,0,24.2556466338,16.9902020287,17.4855180249,41.2686333126,58.7313666874,141,141,22,900908,542398,3497969,611896,1154294,25.7551739309,15.5060836731,32.9989774066,17.4928937335,3497984.44067383,8352.73299644096
142,25025091500,250250915.00,MA,142,9136.79064312,142,4361765,1147633,503739,0,0,1151720,701675,856998,1651372,2710393,26.3112065872,11.5489715746,0,0,26.4049071878,16.0869510393,19.6479636111,37.8601781618,62.1398218382,142,142,33,1147633,503739,4361765,856998,1360737,26.3112065872,11.5489715746,31.1969351856,19.6479636111,4361797.29003906,9136.79064312589
143,25025091600,250250916.00,MA,143,10140.557875,143,3362823,678540,348529,9042,0,989488,564260,772964,1036111,2326712,20.1776899944,10.3641791435,0.268881234606,0,29.4243259309,16.7793547267,22.9855689699,30.8107503725,69.1892496275,143,143,25,678540,348529,3362823,782006,1130535,20.1776899944,10.3641791435,33.618629348,23.2544502045,3362867.07250977,10140.5578750889
144,25025091700,250250917.00,MA,144,9090.43564043,144,3126590,623584,643217,23444,0,774962,423214,638169,1290245,1836345,19.9445402179,20.5724767238,0.749826488283,0,24.7861727953,13.5359609031,20.4110228716,41.2668434301,58.7331565699,144,144,28,623584,643217,3126590,661613,1304830,19.9445402179,20.5724767238,41.7333260837,21.1608493598,3126613.83422852,9090.43564046738
145,25025091800,250250918.00,MA,145,8910.49399324,145,4642754,1055943,636782,0,0,1132224,713382,1104423,1692725,2950029,22.7438929566,13.7156093129,0,0,24.3869048414,15.3654921195,23.7881007695,36.4595022696,63.5404977304,145,145,39,1055943,636782,4642754,1104423,1741205,22.7438929566,13.7156093129,37.5037100824,23.7881007695,4642756.26245117,8910.49399323202
146,25025091900,250250919.00,MA,146,9596.06635739,146,5168577,1600156,755042,0,0,1123087,831357,858935,2355198,2813379,30.9593143335,14.6083148224,0,0,21.72913357,16.0848334077,16.6184038663,45.567629156,54.432370844,146,146,30,1600156,755042,5168577,858935,1613977,30.9593143335,14.6083148224,31.2267186887,16.6184038663,5168618.35009766,9596.06635740466
147,25025092000,250250920.00,MA,147,11673.5164425,147,5271117,1132677,633750,0,0,1625054,801600,1078036,1766427,3504690,21.4883676458,12.0230683553,0,0,30.8294048491,15.2074029091,20.4517562407,33.5114360011,66.4885639989,147,147,38,1132677,633750,5271117,1078036,1711786,21.4883676458,12.0230683553,32.474824596,20.4517562407,5271160.65917969,11673.5164425574
148,25025092101,250250921.01,MA,148,19506.5723821,148,13856185,2399418,1678486,42783,20,3050284,2387662,4297532,4120707,9735478,17.3165846155,12.1136229056,0.308764641927,0.000144339874215,22.013880444,17.2317416374,31.0152614158,29.7391165028,70.2608834972,148,148,62,2399418,1678486,13856165,4340315,6018801,17.3166096102,12.1136403904,43.4377116612,31.3240712708,13856297.644043,19506.5723820901
149,25025092200,250250922.00,MA,149,11229.3479516,149,6251843,1801790,950136,17490,0,1532051,875251,1075125,2769416,3482427,28.8201415167,15.1976945038,0.279757505107,0,24.5055897917,13.9998877131,17.1969289696,44.2975935256,55.7024064744,149,149,36,1801790,950136,6251843,1092615,2042751,28.8201415167,15.1976945038,32.6743809785,17.4766864747,6251856.03710938,11229.3479516199
150,25025092300,250250923.00,MA,150,7836.35775851,150,3653702,849490,520729,0,0,953457,586170,743856,1370219,2283483,23.2501172783,14.2520928089,0,0,26.0956421733,16.0431803141,20.3589674254,37.5022100872,62.4977899128,150,150,24,849490,520729,3653702,743856,1264585,23.2501172783,14.2520928089,34.6110602343,20.3589674254,3653749.12915039,7836.35775850668
151,25025092400,250250924.00,MA,151,13212.2517463,151,6399174,1384413,1046339,5534,0,1645470,1098868,1218550,2436286,3962888,21.6342452948,16.3511571962,0.0864799113136,0,25.7137874357,17.172028765,19.042301397,38.0718824023,61.9281175977,151,151,55,1384413,1046339,6399174,1224084,2270423,21.6342452948,16.3511571962,35.4799385046,19.1287813083,6399259.59667969,13212.2517462763
152,25025100100,250251001.00,MA,152,14549.3465608,152,11161529,2244258,3622879,173746,0,1968976,1559110,1592560,6040883,5120646,20.107083895,32.4586264122,1.556650527,0,17.6407372144,13.9686059141,14.2682960372,54.1223608343,45.8776391657,152,152,53,2244258,3622879,11161529,1766306,5389185,20.107083895,32.4586264122,48.2835729764,15.8249465642,11161541.7026367,14549.3465608072
153,25025100200,250251002.00,MA,153,9138.72079436,153,3789305,955476,657685,4781,0,854863,722385,594115,1617942,2171363,25.2150724209,17.3563489875,0.126170894135,0,22.5598889506,19.0637861033,15.6787326436,42.6975923025,57.3024076975,153,153,26,955476,657685,3789305,598896,1256581,25.2150724209,17.3563489875,33.1612525252,15.8049035377,3789323.75146484,9138.72079432002
154,25025100300,250251003.00,MA,154,10615.3873968,154,5251941,1421648,887322,1207,0,1164543,826975,950246,2310177,2941764,27.0690017272,16.8951250595,0.0229819794244,0,22.1735735417,15.74608321,18.0932344823,43.9871087661,56.0128912339,154,154,42,1421648,887322,5251941,951453,1838775,27.0690017272,16.8951250595,35.0113415212,18.1162164617,5251953.96923828,10615.3873968888
155,25025100400,250251004.00,MA,155,12175.943254,155,6741564,1722742,1102040,12301,0,1698603,918251,1287627,2837083,3904481,25.5540405757,16.3469485716,0.182465077837,0,25.1959782626,13.6207414185,19.0998260938,42.0834542252,57.9165457748,155,155,73,1722742,1102040,6741564,1299928,2401968,25.5540405757,16.3469485716,35.6292397432,19.2822911716,6741686.25,12175.9432540071
156,25025100500,250251005.00,MA,156,14438.5323973,156,9262354,2459395,1376798,0,0,2222470,1325580,1878111,3836193,5426161,26.5525912743,14.8644502251,0,0,23.9946562181,14.3114806452,20.2768216374,41.4170414994,58.5829585006,156,156,62,2459395,1376798,9262354,1878111,3254909,26.5525912743,14.8644502251,35.1412718624,20.2768216374,9262375.33447266,14438.5323973111
157,25025100601,250251006.01,MA,157,11105.2041125,157,5951383,1237906,884556,22279,0,1713397,884260,1208985,2144741,3806642,20.8003080965,14.8630326766,0.374349962017,0,28.7898963989,14.8580590427,20.3143538233,36.0376907351,63.9623092649,157,157,62,1237906,884556,5951383,1231264,2115820,20.8003080965,14.8630326766,35.5517364619,20.6887037853,5951407.01904297,11105.2041124835
158,25025100603,250251006.03,MA,158,24754.6610953,158,9454315,1627014,1900565,172403,16043,1428566,2027747,2281977,3716025,5738290,17.2092213978,20.1026198091,1.82353771796,0.16968971311,15.1102010035,21.4478468297,24.1368835288,39.305068638,60.694931362,158,158,1182,1627014,1900565,9438272,2454380,4354945,17.2384733138,20.13678987,46.1413381602,26.0045482902,9455490.21582031,24754.6610952646
159,25025100700,250251007.00,MA,159,18597.2322096,159,13026988,2116351,3903970,56874,36134,2257304,2017384,2638971,6113329,6913659,16.2458965956,29.9683242205,0.436585955249,0.277378009406,17.327904194,15.4861891329,20.2577218924,46.9281847807,53.0718152193,159,159,472,2116351,3903970,12990854,2695845,6599815,16.2910844814,30.0516809749,50.8035499437,20.7518689687,13027413.1699219,18597.2322096382
160,25025100800,250251008.00,MA,160,26375.7510409,160,18796343,5875671,5878100,138194,34066,2475569,1747364,2647379,11926031,6870312,31.2596498159,31.2725725424,0.735217483529,0.181237382187,13.1704821518,9.2962976894,14.0845429348,63.4486772241,36.5513227759,160,160,229,5875671,5878100,18762277,2785573,8663673,31.3164068519,31.3293530417,46.1760211727,14.846668131,18796609.2021484,26375.7510408277
161,25025100900,250251009.00,MA,161,21654.3424586,161,10181962,3259078,1882464,102424,936,1778823,1365599,1792638,5244902,4937060,32.0083496678,18.4882245681,1.00593579116,0.00919272729558,17.4703362672,13.411943592,17.6060173864,51.5117027543,48.4882972457,161,161,148,3259078,1882464,10181026,1895062,3777526,32.0112923786,18.4899242964,37.1035885774,18.613664281,10182097.6931152,21654.3424587023
162,25025101001,250251010.01,MA,162,20047.3998199,162,13940340,5830580,2211717,25499,0,2154151,1721505,1996888,8067796,5872544,41.8252352525,15.8655886442,0.182915194321,0,15.4526431923,12.3490890466,14.32452867,57.873739091,42.126260909,162,162,132,5830580,2211717,13940340,2022387,4234104,41.8252352525,15.8655886442,30.3730325085,14.5074438644,13940535.6188965,20047.3998199022
163,25025101002,250251010.02,MA,163,16584.1674611,163,12542619,4204292,2390550,15337,19,2015248,1746458,2170715,6610198,5932421,33.5200487235,19.0594165381,0.122279087007,0.00015148351393,16.0672025516,13.9241891984,17.3067124179,52.7018958321,47.2981041679,163,163,103,4204292,2390550,12542600,2186052,4576602,33.5200995009,19.05944541,36.488463317,17.429017907,12542736.0273438,16584.1674611418
164,25025101101,250251011.01,MA,164,9103.55190067,164,4091092,982254,657020,6528,0,1129248,652637,663405,1645802,2445290,24.0095798383,16.0597708387,0.159566198951,0,27.6026058568,15.9526356288,16.2158416384,40.228916876,59.771083124,164,164,30,982254,657020,4091092,669933,1326953,24.0095798383,16.0597708387,32.435178676,16.3754078373,4091154.46508789,9103.55190064709
165,25025101102,250251011.02,MA,165,13942.6299274,165,6010848,1371818,1102795,0,0,1466080,1037940,1032215,2474613,3536235,22.8223704875,18.3467457504,0,0,24.3905685188,17.267779854,17.1725353893,41.1691162378,58.8308837622,165,165,44,1371818,1102795,6010848,1032215,2135010,22.8223704875,18.3467457504,35.5192811397,17.1725353893,6010927.39868164,13942.6299273276
166,25025110103,250251101.03,MA,166,23507.1843998,166,10061583,3148497,1301738,45192,0,2045599,1714883,1805674,4495427,5566156,31.2922628576,12.9377057268,0.449153975075,0,20.3307869149,17.0438687431,17.9462217824,44.6791225595,55.3208774405,166,166,58,3148497,1301738,10061583,1850866,3152604,31.2922628576,12.9377057268,31.3330814843,18.3953757575,10061731.8706055,23507.1843998004
167,25025110201,250251102.01,MA,167,10380.8392153,167,3727285,1181744,579723,2128,0,629583,706377,627730,1763595,1963690,31.705222434,15.5534926897,0.0570924949393,0,16.8911956022,18.9515156474,16.8414811317,47.3158076187,52.6841923813,167,167,23,1181744,579723,3727285,629858,1209581,31.705222434,15.5534926897,32.4520663164,16.8985736266,3727315.29614258,10380.8392153008
168,25025110301,250251103.01,MA,168,14613.6263094,168,8762780,2501437,2173869,3136,0,1325517,1098757,1660064,4678442,4084338,28.5461577262,24.8079833112,0.0357877294649,0,15.1266721292,12.5389088851,18.9444902189,53.3899287669,46.6100712331,168,168,53,2501437,2173869,8762780,1663200,3837069,28.5461577262,24.8079833112,43.7882612596,18.9802779483,8762821.20849609,14613.6263094801
169,25025110401,250251104.01,MA,169,10462.6392447,169,5673200,1862261,1076048,30081,0,1171608,777634,755568,2968390,2704810,32.825583445,18.9672142706,0.53022985264,0,20.6516251851,13.7071494042,13.3181978425,52.3230275682,47.6769724318,169,169,34,1862261,1076048,5673200,785649,1861697,32.825583445,18.9672142706,32.8156419657,13.8484276951,5673262.17163086,10462.6392446905
170,25025110403,250251104.03,MA,170,14400.4044581,170,10236500,3725028,2097778,28233,0,1753803,1251446,1380212,5851039,4385461,36.3896644361,20.4931177649,0.275807160651,0,17.1328383725,12.2253309237,13.4832413423,57.1585893616,42.8414106384,170,170,84,3725028,2097778,10236500,1408445,3506223,36.3896644361,20.4931177649,34.2521662678,13.7590485029,10236586.4787598,14400.4044580668
171,25025110501,250251105.01,MA,171,11651.1409576,171,6976192,2080384,1443895,203,0,1441261,1076478,933971,3524482,3451710,29.8211975817,20.6974664688,0.00290989697531,0,20.6597094805,15.4307392916,13.3879772804,50.5215739475,49.4784260525,171,171,65,2080384,1443895,6976192,934174,2378069,29.8211975817,20.6974664688,34.0883536462,13.3908871774,6976254.87841797,11651.1409575906
172,25025110502,250251105.02,MA,172,12288.5690861,172,7358402,1982273,1274078,0,0,1804774,1070789,1226488,3256351,4102051,26.9389060288,17.3146017301,0,0,24.5267110984,14.5519230942,16.6678580485,44.2535077589,55.7464922411,172,172,65,1982273,1274078,7358402,1226488,2500566,26.9389060288,17.3146017301,33.9824597786,16.6678580485,7358443.33032227,12288.5690860464
173,25025110601,250251106.01,MA,173,16899.0539774,173,15212999,9097118,2086360,2651,65390,1523011,1351239,1087230,11251519,3961480,59.7983211594,13.7143241776,0.0174258869011,0.429829779125,10.0112476179,8.88213428529,7.14671709372,73.9599010031,26.0400989969,173,173,279,9097118,2086360,15147609,1089881,3176241,60.0564617162,13.7735268979,20.96859643,7.1950695321,15213304.453125,16899.0539775019
174,25025110607,250251106.07,MA,174,20444.8514597,174,12627020,3948640,2544428,29867,745,2463177,1863057,1777106,6523680,6103340,31.2713530192,20.1506610427,0.236532451837,0.00590004609164,19.5071917206,14.7545264045,14.0738353151,51.6644465598,48.3355534402,174,174,83,3948640,2544428,12626275,1806973,4351401,31.2731981523,20.1518500112,34.4630621462,14.311212135,12627039.286377,20444.8514596606
175,25025120103,250251201.03,MA,175,7802.62389152,175,3810293,1424421,612470,835,0,894416,451185,426966,2037726,1772567,37.3835030534,16.0740919399,0.0219143252238,0,23.4736803705,11.8412153606,11.2055949503,53.4795093186,46.5204906814,175,175,30,1424421,612470,3810293,427801,1040271,37.3835030534,16.0740919399,27.3016012154,11.2275092755,3810294.5949707,7802.62389153894
176,25025120104,250251201.04,MA,176,8732.82962842,176,3088882,1143082,357218,287,0,649924,605613,332758,1500587,1588295,37.0063343307,11.5646373024,0.00929138762827,0,21.0407519614,19.6062199851,10.7727650328,48.5802630207,51.4197369793,176,176,19,1143082,357218,3088882,333045,690263,37.0063343307,11.5646373024,22.3466937228,10.7820564204,3088887.69311523,8732.82962842821
177,25025120105,250251201.05,MA,177,25312.3525865,177,19838877,10864818,4008393,82306,0,1961151,1433634,1488575,14955517,4883360,54.7652873698,20.2047373952,0.414872273264,0,9.88539321051,7.22638685647,7.50332289474,75.3848970383,24.6151029617,177,177,2015,10864818,4008393,19838877,1570881,5579274,54.7652873698,20.2047373952,28.1229325632,7.918195168,19840813.5625,25312.3525864926
178,25025120201,250251202.01,MA,178,12620.137607,178,7727950,2124754,836023,114894,0,1532880,1103692,2015707,3075671,4652279,27.4944066667,10.8181729954,1.48673322162,0,19.8355320622,14.2818211816,26.0833338725,39.7993128838,60.2006871162,178,178,34,2124754,836023,7727950,2130601,2966624,27.4944066667,10.8181729954,38.3882400895,27.5700670941,7727993.5559082,12620.1376070461
179,25025120301,250251203.01,MA,179,13047.0186831,179,7112586,2127812,827861,1746,0,1871607,1008655,1274905,2957419,4155167,29.9161514532,11.6393812321,0.0245480335844,0,26.3140157462,14.1812696535,17.9246338814,41.5800807189,58.4199192811,179,179,37,2127812,827861,7112586,1276651,2104512,29.9161514532,11.6393812321,29.5885631471,17.949181915,7112651.81835938,13047.0186830817
180,25025120400,250251204.00,MA,180,18328.53399,180,10769748,4190876,1483192,47373,0,2427255,1337603,1283449,5721441,5048307,38.9134081875,13.7718357013,0.439871016481,0,22.5377139744,12.4200027707,11.9171683497,53.1251149052,46.8748850948,180,180,50,4190876,1483192,10769748,1330822,2814014,38.9134081875,13.7718357013,26.1288750675,12.3570393662,10769804.119873,18328.5339900446
181,25025120500,250251205.00,MA,181,7670.01692923,181,2353054,692653,177187,644,0,659026,433851,389693,870484,1482570,29.4363410274,7.53008643236,0.0273686876714,0,28.0072620518,18.4377834083,16.5611583925,36.9937961475,63.0062038525,181,181,10,692653,177187,2353054,390337,567524,29.4363410274,7.53008643236,24.1186135125,16.5885270801,2353016.83691406,7670.0169292053
182,25025120600,250251206.00,MA,182,6542.08211954,182,2779398,982485,342012,2536,0,793604,363967,294794,1327033,1452365,35.3488417276,12.3052545911,0.0912427799113,0,28.5530895539,13.095173847,10.6063975005,47.7453390986,52.2546609014,182,182,11,982485,342012,2779398,297330,639342,35.3488417276,12.3052545911,23.0028948715,10.6976402804,2779474.37084961,6542.08211950598
183,25025120700,250251207.00,MA,183,10323.6210044,183,3201392,754915,372352,23362,1573,939551,350355,759284,1152202,2049190,23.5808360863,11.6309405409,0.729745060899,0.0491348763288,29.348202282,10.9438331826,23.717307971,35.9906565644,64.0093434356,183,183,20,754915,372352,3199819,782646,1154998,23.5924281967,11.6366581985,36.0957291647,24.4590709662,3201418.26098633,10323.6210044082
184,25025130100,250251301.00,MA,184,34834.8206178,184,46908706,19419444,16639051,75585,847350,3023451,2421719,4482106,36981430,9927276,41.3983792262,35.4711362108,0.161132136111,1.8063811012,6.44539416628,5.16262162508,9.55495553427,78.8370286744,21.1629713256,184,184,2703,19419444,16639051,46061356,4557691,21196742,42.1599485695,36.1236673102,46.0184932463,9.89482593608,46913218.4310303,34834.8206178431
185,25025130200,250251302.00,MA,185,17813.4046295,185,14502788,4442864,3075392,590,0,2906362,1848518,2229062,7518846,6983942,30.6345510946,21.2055226898,0.00406818330379,0,20.0400226494,12.7459492616,15.3698861212,51.8441419677,48.1558580323,185,185,124,4442864,3075392,14502788,2229652,5305044,30.6345510946,21.2055226898,36.5794769944,15.3739543045,14502975.730957,17813.4046294948
186,25025130300,250251303.00,MA,186,18095.647084,186,15489973,5210274,3552842,30724,0,2641935,1938805,2115393,8793840,6696133,33.6364304831,22.9363989208,0.198347666584,0,17.0557753716,12.5165163296,13.6565312283,56.7711770705,43.2288229295,186,186,121,5210274,3552842,15489973,2146117,5698959,33.6364304831,22.9363989208,36.7912778157,13.8548788949,15490095.2993164,18095.6470840658
187,25025130402,250251304.02,MA,187,27772.2066524,187,22714294,6343877,4429056,38578,7194,3787558,2746347,5361684,10818705,11895589,27.9290080511,19.4989815664,0.169840189618,0.03167168656,16.6747775652,12.0908314386,23.6048895026,47.6295014936,52.3704985064,187,187,659,6343877,4429056,22707100,5400262,9829318,27.9378564414,19.5051591793,43.287421115,23.7822619357,22715034.9245605,27772.206652466
188,25025130404,250251304.04,MA,188,18971.3380097,188,17562561,8528510,2804929,2003934,90688,1423983,1155731,1554786,13428061,4134500,48.5607423655,15.9710705062,11.4102607245,0.51637116022,8.10806009442,6.58065187645,8.85284327269,76.4584447564,23.5415552436,188,188,116,8528510,2804929,17471873,3558720,6363649,48.8127975747,16.0539685699,36.4222484905,20.3682799205,17562709.0489502,18971.3380096995
189,25025130406,250251304.06,MA,189,17752.9094927,189,11262983,4304649,2572663,6492,17881,1622988,1017075,1721235,6901685,4361298,38.2194397346,22.8417551549,0.0576401473748,0.158759007272,14.4099303,9.03024536217,15.2822302937,61.2775940441,38.7224059559,189,189,48,4304649,2572663,11245102,1727727,4300390,38.2802130207,22.8780761615,38.2423387534,15.3642625918,11263005.3168945,17752.9094927187
190,25025140102,250251401.02,MA,190,29417.1042205,190,23152683,7450418,4705682,27942,704388,3241407,2412740,4610106,12888430,10264253,32.1795016154,20.324564544,0.120685796977,3.04236014461,14.000135535,10.4209952687,19.9117570953,55.667112101,44.332887899,190,190,288,7450418,4705682,22448295,4638048,9343730,33.1892377573,20.9623136189,41.6233393227,20.6610257037,23152955.2399902,29417.1042205368
191,25025140105,250251401.05,MA,191,14343.317443,191,10889598,4828569,1871392,1194,0,1471678,1348516,1368249,6701155,4188443,44.3411134185,17.1851339232,0.0109645920814,0,13.5145301048,12.3835241668,12.5647337946,61.5372119338,38.4627880662,191,191,74,4828569,1871392,10889598,1369443,3240835,44.3411134185,17.1851339232,29.7608323099,12.5756983867,10889643.0146484,14343.3174429963
192,25025140106,250251401.06,MA,192,7660.85856925,192,3048068,1214654,432835,8415,0,544684,329299,518181,1655904,1392164,39.8499639772,14.2003065548,0.276076517978,0,17.8698113034,10.8035319422,17.0003097044,54.32634705,45.67365295,192,192,11,1214654,432835,3048068,526596,959431,39.8499639772,14.2003065548,31.4766927772,17.2763862224,3048121.11987305,7660.85856924423
193,25025140107,250251401.07,MA,193,15082.5269243,193,6771612,2469797,1435664,4383,0,1107016,796587,958165,3909844,2861768,36.4728073611,21.2012147181,0.0647260947615,0,16.347894711,11.7636243778,14.1497327372,57.738748174,42.261251826,193,193,43,2469797,1435664,6771612,962548,2398212,36.4728073611,21.2012147181,35.4156735501,14.214458832,6771709.97167969,15082.5269242143
194,25025140201,250251402.01,MA,194,23803.4059768,194,15109083,4115425,2986171,16779,417276,1668716,2542382,3362334,7535651,7573432,27.2380858587,19.7640783362,0.111052404703,2.76175595832,11.0444558416,16.82684515,22.2537264505,49.8749725579,50.1250274421,194,194,344,4115425,2986171,14691807,3379113,6365284,28.011700671,20.3254167442,43.3253989792,22.999982235,15109471.7288818,23803.4059768596
195,25025140202,250251402.02,MA,195,18549.1765443,195,16711707,6402190,3793219,13810,96139,2278828,2050835,2076686,10305358,6406349,38.3096113401,22.6979745396,0.0826366809806,0.575279353569,13.6361174834,12.2718463171,12.4265342852,61.6655019143,38.3344980857,195,195,176,6402190,3793219,16615568,2090496,5883715,38.531273803,22.8293068284,35.4108568542,12.5815500259,16711779.1120605,18549.1765443398
196,25025140300,250251403.00,MA,196,24193.5858876,196,16957574,4909005,2930639,47302,126373,3184829,2365874,3393552,8013319,8944255,28.9487458524,17.2821831708,0.278943202607,0.745230420342,18.7811593805,13.9517244625,20.0120135109,47.2551026462,52.7448973538,196,196,106,4909005,2930639,16831201,3440854,6371493,29.1661005058,17.4119422613,37.8552487134,20.4433064521,16957680.7648926,24193.5858876075
197,25025140400,250251404.00,MA,197,27566.0479288,197,20142048,7035936,4110249,159158,0,2973382,2814869,3048454,11305343,8836705,34.9315819325,20.4063112152,0.790177840903,0,14.7620639172,13.9750883326,15.1347767615,56.1280709886,43.8719290114,197,197,147,7035936,4110249,20142048,3207612,7317861,34.9315819325,20.4063112152,36.3312658177,15.9249546024,20142170.4064941,27566.0479287952
198,25025180500,250251805.00,MA,198,1237.56534696,198,52976,0,38502,9652,0,0,4051,771,48154,4822,0,72.6781938991,18.2195711265,0,0,7.646858955,1.45537601933,90.8977650257,9.10223497433,198,198,440,0,38502,52976,10423,48925,0,72.6781938991,92.353141045,19.6749471459,53414.2724609375,1237.56534698136
199,25025980101,250259801.01,MA,199,90042.1820063,199,31706653,8948616,11841022,2970503,311251,2974214,940403,3720644,24071392,7635261,28.2231492551,37.3455438516,9.36870567827,0.981658328932,9.38040984648,2.96594850298,11.7345845366,75.919057114,24.080942886,199,199,7772,8948616,11841022,31395402,6691147,18532169,28.5029508461,37.7157839865,59.0282901936,21.3125062071,31777504.6401367,90042.1820065514
200,25025980300,250259803.00,MA,200,21233.4797983,200,22637720,12537150,6911564,173777,208356,412614,1167402,1226857,19830847,2806873,55.3816815474,30.5311842359,0.767643561277,0.920393043116,1.82268355647,5.15688859125,5.41952546458,87.6009023877,12.3990976123,200,200,17,12537150,6911564,22429364,1400634,8312198,55.8961457846,30.8148015254,37.0594458229,6.24464429754,22637731.9873047,21233.4797983035
201,25025980700,250259807.00,MA,201,40742.3060337,201,31672484,24189660,5569836,98164,350904,118379,758356,587185,30208564,1463920,76.3743696263,17.5857251992,0.309934642322,1.10791436504,0.373759759418,2.39436856295,1.85392784475,95.3779438329,4.62205616711,201,201,10,24189660,5569836,31321580,685349,6255185,77.2300120237,17.7827427607,19.9708475754,2.18810481464,31672431.871582,40742.3060337342
202,25025981000,250259810.00,MA,202,19942.3395929,202,12192874,8037700,3163889,42203,30106,27432,722044,169500,11273898,918976,65.9212914035,25.9486729708,0.346128402541,0.246914714283,0.224983871727,5.92185238689,1.39015625028,92.4630074911,7.5369925089,202,202,9,8037700,3163889,12162768,211703,3375592,66.0844636681,26.0129026551,27.753485062,1.7405824069,12192836.2836914,19942.339592859
203,25025981100,250259811.00,MA,203,30592.2775235,203,29449608,13298461,11543828,492757,129292,442186,1186566,2356518,25464338,3985270,45.1566655828,39.1985794853,1.6732209135,0.439027915074,1.5015004614,4.0291402181,8.00186542381,86.4674938967,13.5325061033,203,203,60,13298461,11543828,29320316,2849275,14393103,45.3557901627,39.3714310582,49.0891810307,9.71774997241,29449594.6560059,30592.2775234458
204,25025981201,250259812.01,MA,204,44601.9607495,204,8291756,1191660,3034727,1338208,256740,283755,1058822,1127844,5821335,2470421,14.3716240565,36.5993282967,16.1390180801,3.09632844961,3.42213398465,12.7695749851,13.6019921474,70.2062988829,29.7937011171,204,204,1060,1191660,3034727,8035016,2466052,5500779,14.8308354333,37.768773578,68.4600876962,30.6913141181,8292867.28051758,44601.9607494436
205,25025981202,250259812.02,MA,205,52374.5629174,205,18136413,541391,414142,437735,65617,3217466,1510813,11949249,1458885,16677528,2.98510515834,2.28348350912,2.41356987184,0.361797010247,17.7403657493,8.33027456973,65.8854041315,8.04395554953,91.9560444505,205,205,4079,541391,414142,18070796,12386984,12801126,2.99594439559,2.29177508285,70.838749992,68.5469749091,18140490.1879883,52374.5629175489
206,25025981300,250259813.00,MA,206,61169.9040607,206,67836451,1062621,20833911,332569,26411,5265977,32080320,8234642,22255512,45580939,1.56644544981,30.7119707663,0.490251177792,0.0389333457318,7.76275427498,47.2906815246,12.1389634608,32.8076007396,67.1923992604,206,206,5380,1062621,20833911,67810040,8567211,29401122,1.56705555696,30.7239326212,43.3580661507,12.6341335295,67842141.3591309,61169.9040605887
207,25025981501,250259815.01,MA,207,89186.3243721,207,8879477,3498109,1911143,31616,25436,100276,2160624,1152273,5466304,3413173,39.3954396188,21.5231482665,0.356057006511,0.286458312804,1.12930074598,24.3327844647,12.9768115847,61.5611032046,38.4388967954,207,207,5320,3498109,1911143,8854041,1183889,3095032,39.5086153317,21.5849802367,34.95615166,13.3711714233,8884743.23071289,89186.3243721422
208,25025981502,250259815.02,MA,208,13376.5215401,208,4888726,731038,1659926,0,55326,200592,362343,1879501,2446290,2442436,14.953548225,33.9541631092,0,1.1317058882,4.10315489148,7.41180831161,38.4456195745,50.0394172224,49.9605827776,208,208,2114,731038,1659926,4833400,1879501,3539427,15.1247155212,34.3428228576,73.2285140895,38.8856912318,4895810.88354492,13376.5215400805
209,25025981600,250259816.00,MA,209,20801.0879168,209,6453762,599566,5142534,5778,293425,43443,92510,276506,6041303,412459,9.29017834869,79.6827338845,0.0895291769359,4.54657299107,0.673142269579,1.43342751096,4.28441581825,93.6090144012,6.39098559879,209,209,1142,599566,5142534,6160337,282284,5424818,9.73268183218,83.4781279011,88.0604096821,4.58228178101,6454931.34155273,20801.0879167696
210,25025981700,250259817.00,MA,210,7926.98992513,210,3520795,1339052,1135343,15943,126616,14355,315180,574306,2616954,903841,38.0326602372,32.2467794916,0.452823865065,3.5962332371,0.407720415418,8.95195545324,16.3118273004,74.328496831,25.671503169,210,210,10,1339052,1135343,3394179,590249,1725592,39.4514255141,33.449709046,50.839746519,17.390037473,3520801.66137695,7926.98992512933
211,25025981800,250259818.00,MA,211,42834.0824811,211,10956383,4614313,1688302,123643,3280114,18628,624135,607248,9706372,1250011,42.1152948012,15.4093006789,1.12850198829,29.9379275076,0.170019613225,5.69654237169,5.54241303905,88.591024976,11.408975024,211,211,1176,4614313,1688302,7676269,730891,2419193,60.1114030788,21.9937836988,31.5152191774,9.52143547862,10957623.635498,42834.0824812284
